id,time,lender,renter
b41093d94754415f8feea035adf8fa95,1609200905.3172956,matmul,disk
4bc48d712f2742a78d99a51e07900fbe,1609200963.2150943,linpack,disk
cde45f56f19a4e99a91707f7f13b0f6b,1609201037.2890594,matmul,disk
2f1173f59e0e4e19af2841493971902b,1609201039.2779505,disk,matmul
6a98d373392c4885b8f66c0c0663bdd4,1609201042.3887625,linpack,disk
1f0e778168ab4efd95b24652ac448acd,1609201046.5987308,matmul,disk
f1fc1a00f7cb4244b5c6aa996c09fbc1,1609201069.3322783,disk,float_operation
e69d0aef058843258f4f8697789a2c2d,1609201099.380879,map_reduce,network
f6441b8dbca6411fb77f4728753a481e,1609201099.3824368,map_reduce,network
58677b2ca4134d4aa9da91ed735165af,1609201131.4914877,linpack,disk
bbfbfc45ce7d411ebe5d15fab249f07c,1609201309.6134186,disk,float_operation
dadaf9043f2148d8a123107c23cf49b1,1609201340.792118,linpack,disk
08c2f015831a4d3ba067fd87866cf766,1609201374.7161145,map_reduce,network
fbb87671126347aa87540677c501bff1,1609201374.717309,map_reduce,network
7107dcb799224e00967e2ae7fc419849,1609201374.7183266,map_reduce,network
dda1b435ebab4ebfb90fe156cded6189,1609201446.8594763,linpack,disk
da71030966eb4930897b1482a6c74e90,1609201520.9670491,linpack,disk
e07a8b90d7754bd7a7649119f5770abc,1609201549.9477487,linpack,float_operation
bc7c770c99404ba48dfa694aa0a604c2,1609201551.977929,linpack,disk
e864f5351b9e415a824ad515905929e7,1609201620.9980652,video,disk
e8083d1707d14fb6bb551b969e0e39a7,1609201731.2685099,linpack,disk
29758a7093ea42dea8242304052f252d,1609201831.3246589,linpack,disk
ad5e352686e94c6d9094b4871dab38af,1609201881.3864255,linpack,disk
372e54afb0b54c8e833dfd1bdd61452e,1609201910.4147353,linpack,disk
60a7e073fe5543c38d6fb624f3e32993,1609201941.4253223,linpack,disk
2dc74db032144c6098466451339ff89f,1609201941.4407852,linpack,disk
0421818294b04d02ba7528ab6f630297,1609201968.4080842,linpack,disk
d05259de7cea4e63a4d60db08c437839,1609202030.51421,linpack,disk
5ec05d0850324d38826eacb1fe3653b1,1609202180.7914855,linpack,disk
d2458ce664bf4bb5af303a3d2e3a7106,1609202185.9398444,map_reduce,disk
