id,time,lender,renter
6ded83715657462b900495e269f0e54d,1609204758.6315072,float_operation,matmul
cfcd2a36aedb485ca99a90f84e740f39,1609204768.6793375,float_operation,matmul
36b780cdb781425db2c2ba538ad70b55,1609204817.710519,image,video
bb66b382c5314f27bd40807176bd5cb8,1609204902.796088,matmul,disk
cffe07bb9af34cc787a291e0da257ae6,1609204903.7935498,video,matmul
7352ffad256f4c6f9aa7d2b4b8b59ef7,1609204907.7864351,matmul,video
efb3136964304429835a8961cd02bb1c,1609205143.1276245,matmul,disk
fb2386dea8a943b3be28a74fb0b7d0fa,1609205188.2470243,matmul,linpack
0b34ee0ef83144afa02a16c21ca2d543,1609205188.2480886,matmul,linpack
4622cb4b0f3c4b91ac50feec476c539c,1609205383.4256167,matmul,disk
5d07ec9217b74d9eb0640f15b92419ea,1609205623.6578038,matmul,disk
5c692e58cf9d476caed19ca7c9e18308,1609205864.0422714,matmul,disk
8146a8b847f84038806b48f05986edc5,1609205995.1137033,matmul,image
a99bc62d5675456bb544faf782585328,1609205995.116732,matmul,image
3d0958ecb2af445286f0e328d7c50f74,1609205995.118083,matmul,image
