id,time,lender,renter
dea3faccc4b140c791d876b908cea44c,1609676961.1575475,image,markdown2html
2a7ade8aea8b4b0bbbd9b7d2623c7199,1609676966.2094142,float_operation,linpack
1304e350075142a99f0ffb704d94c548,1609677056.3331156,float_operation,disk
714945fded234fcc899d05ce97948c87,1609677266.5184367,float_operation,video
33abaa4a7fc5417d96441302c340956d,1609677281.5454304,image,markdown2html
587c60917e8c4dfd97796d061e332530,1609677326.6305516,image,video
65c602c5abcd402898db34d1c91e3c54,1609677366.6477907,image,video
f6857ead7c8945888011d1fc1449cace,1609677411.7122931,image,video
ff200e33ae574f1fba40efcc4ef433b7,1609677773.1057281,network,image
0cadbe2f220b48bb93a5f4395f49d193,1609677890.169285,float_operation,matmul
4c0ba9c2b4f6406cb4389ee5b425b990,1609677965.2615786,float_operation,matmul
d7c6e014759c4412ab76f66b3544e706,1609678017.4603019,float_operation,video
d18b1f74658b422e860eadbbfd98d8cb,1609678062.5132155,float_operation,video
bf546acf7e424a1b9dfaa9d691e127fa,1609678167.6948717,image,video
fdf1baae735d45338d0dad284e52a663,1609678167.707378,image,video
