id,time,lender,renter
78fbc70275bd4e22850c7fd314097bf7,1609872405.1598392,matmul,disk
c25d231595dc47e28f42461f0a01d41e,1609872740.5800257,markdown2html,k-means
6739b6330a61457cb305b73cf03f2835,1609872800.6572046,markdown2html,map_reduce
989e54b9cb4f46f3b1ce63466cc077c2,1609872830.6919627,markdown2html,k-means
6ce54f333533424fac8ea4e941ff553d,1609872987.8934429,video,linpack
06e01c20fd3f4a8a99e51ea7abcd801a,1609873264.1941519,video,linpack
2077b9cd6dcd42f7abea2145c62899d3,1609873289.2344189,video,linpack
1a0e505d56c44b90a4d03d3061ffab08,1609873701.8026652,video,float_operation
4da0b309473c437daaacfb6f0637078b,1609873724.7658978,float_operation,matmul
