id,time,lender,renter
df208d1fb9f04def82fd49523fe5c1ea,1609658126.3076842,disk,matmul
7f465c0d26c04e86aaf52113bb6b5f26,1609658136.2837696,network,k-means
8af1e5108f9b42c7a8f8718999c08a90,1609658152.3179643,float_operation,linpack
13d24d865cc4421a8689de933197db6a,1609658185.3526118,disk,matmul
0c2bdfa0c0fe48eda773df3b938624cd,1609658187.5004034,float_operation,video
0a9ec4f1bbd24a8c873edfe8ee3f0a92,1609658187.6405504,k-means,video
4528946e91a249a9808b0fbf5a16f198,1609658189.625936,network,video
e5d3483ba2944ac09ff821e1eafecc92,1609658189.6270561,network,video
c548d7f214e74e93a9f9c7c7cb8a698d,1609658197.475921,disk,linpack
82f8f773023644f6a17bcf4039b47a0e,1609658264.3974562,float_operation,linpack
443cffeef3254f398d0ae8c9715a154a,1609658653.8004642,network,map_reduce
6e7d078e7db04b06938aa370298bb87b,1609658656.799329,float_operation,network
d9431aceb8e541fbb336dcca1fade6b6,1609659036.1986945,float_operation,linpack
8efae3a1ca4a4fbf923fe4894c83e6fd,1609659064.2240133,float_operation,linpack
5a49a545aa9149cebc686b744ba5d927,1609659254.3540857,float_operation,linpack
e2aa9d60da3c4836b1618698666b7320,1609659268.4808035,image,video
4a2ef28b5b6545a8b33194603d1d5d07,1609659268.4868453,image,video
ba32e6d5567f425a8a61cf2292704a46,1609659269.5739317,float_operation,linpack
4fa7e0bdf794405f985da00368513920,1609659388.521572,float_operation,video
72f58767e7e6478ca9b15398059c0910,1609659466.5750222,float_operation,linpack
3015d054e7d94ef9bfe0ffb399ad34ff,1609659494.5097902,float_operation,linpack
