id,time,lender,renter
1f1256ce7b9e4b6ca1d0fdeb78900960,1609678821.3009133,k-means,markdown2html
b6f6e630493f42949b60ab7af4e8d42e,1609678821.302564,k-means,markdown2html
ccf3c93892b4492d812ad5d1c2d2af6c,1609678821.3036401,k-means,markdown2html
885514e812ac4a5d9790df437e22246d,1609679116.6533165,couchdb_test,network
e6223e849876430a8cd4c224aa353c31,1609679160.7325296,float_operation,linpack
0a556f969e564c5abd91d5b6192ddfc6,1609679180.6977377,linpack,disk
d5af248d4449485eb38f872a40349949,1609679240.772616,float_operation,disk
a196f393f3224987b25efef51d35bff7,1609679300.8832605,float_operation,disk
54bdc1b85c164a409e5ede2a154619c0,1609679360.944497,float_operation,disk
541b4beadf5d4b0dbf2819067c8e8503,1609679392.0120523,k-means,network
bb54e7782ea44d9aa0d519f32736a790,1609679420.9948523,float_operation,disk
e289afdf5797404eb7c0681462266980,1609679481.1110878,float_operation,disk
0ffcdf8ab3eb4f92bb90837dd7d15ac9,1609679497.1409967,k-means,map_reduce
78a268fe389e44b2a905edb661b1581b,1609679527.1910594,k-means,network
605b0d92309f44f38fe3af77088ca0ec,1609679541.1642225,float_operation,disk
9ece81a169fa40f093459f88e8f7ed53,1609679601.2494216,float_operation,disk
cda350e7d7bf47788fede7f6f7d5ed79,1609679661.2977345,float_operation,disk
533717e543584e4cb7dbf8877f637a8a,1609679674.3714352,image,couchdb_test
d264710e255d4fc984f95deea82501b6,1609679698.3802297,k-means,network
e80e8f7bb7154968b385e2908d021106,1609679701.3870957,network,k-means
7c3d87238ae04b30a8573935d61e6dee,1609679721.375632,float_operation,disk
304ebe4414464089be74a6f947f829c7,1609679781.4731367,float_operation,disk
bdc3407629354d9bacb8e8adde7ec56d,1609679841.5272868,float_operation,disk
a2c00b58794c4b5eb52330c8889a6d72,1609679901.6391604,float_operation,disk
0b215ad891884e3c8b2b9a43958f15ea,1609679961.6821265,float_operation,disk
60aaa86f77af400fad02f4ba738eb84a,1609680021.7612956,float_operation,disk
cfbfc8e278eb4bfeb50b2653624dcdcd,1609680081.8221521,float_operation,disk
998f82d014d64786ad0b242f16a54158,1609680141.913509,float_operation,disk
16da3e4fdcbf40938cc7656a8ca72d99,1609680181.9724195,couchdb_test,network
