id,time,lender,renter
df300b117ed64504bc83eb4f257ffc57,1609726697.1323621,disk,markdown2html
6b5971eda35c4559bb5ef943848177cc,1609726792.2573526,map_reduce,markdown2html
5f2cfa53e088475ca9744ba486cc8ab4,1609726857.333178,map_reduce,markdown2html
a05bb34da80d406cb036726cc0d391a4,1609726866.3588343,float_operation,matmul
b3728e1059aa49d4be6bfe20b24cd9f4,1609726882.3949053,map_reduce,markdown2html
ea308f198729444f82bb040ff6ced922,1609726972.5287986,matmul,linpack
001ef09ca9ad4a63a47b3a2940b836fe,1609727002.5249264,map_reduce,markdown2html
312acf81e6994127ad789b0a65f4dcfc,1609727017.561286,matmul,disk
82b92ef70a014a61a50d5618abfe1203,1609727032.5754523,map_reduce,markdown2html
3ea2b491b5944f8f89981ce2833de5b6,1609727092.655407,map_reduce,markdown2html
4e6be147b4554c129a90068be77cd446,1609727116.6737056,matmul,network
1fff9f83a8904471803d177c55816cf9,1609727122.6888838,map_reduce,markdown2html
8c0a416ae6194bdfacaa670b4001cd85,1609727177.7591958,map_reduce,markdown2html
ed8b08df3a0b414aa6b06c9b9329c1b9,1609727217.8156202,map_reduce,markdown2html
568c27827eef4786bb361874e5e6cd73,1609727262.8244822,map_reduce,markdown2html
ae4921aecc7741cfb9e319ad6548027e,1609727327.9243648,map_reduce,markdown2html
132552a6486b45988894ce7c0da5a20e,1609727352.9740257,map_reduce,markdown2html
d01a1de9383a49c689ba3cf595997557,1609727377.990173,map_reduce,k-means
e4cdc0953a95427dafbb8c323cdec215,1609727377.9918892,matmul,disk
dcaac44da8ea476e9bd897a987e7be2e,1609727408.083214,map_reduce,markdown2html
74cbb1f61f644d099a028e7f39af6bf0,1609727458.1087189,map_reduce,markdown2html
84533037ec4d41fd8e99a4bef604af61,1609727533.1684418,map_reduce,markdown2html
5af7eb86e020464d8239d42b07ad72ca,1609727698.3682454,map_reduce,markdown2html
5f121a852b414235a6a755dfddf778d2,1609727738.3960986,matmul,disk
1628b04fbeeb45dbbd5e7e9c117a2d1e,1609727763.4448817,map_reduce,markdown2html
61653416228c4a65bcc8294a4ac49f21,1609727763.446579,map_reduce,markdown2html
4a00f0667bef456bb19d265c9b2b2322,1609727828.5190861,map_reduce,markdown2html
4d71c7db0d8349898c91fbc887e1e8f3,1609727858.5417886,map_reduce,couchdb_test
720c50c647a84f23893f12d05c5dc646,1609727888.557545,map_reduce,markdown2html
db1a9c0e8dc3492e8341bbfe0704953c,1609727983.6712794,map_reduce,markdown2html
8442eeda00644f7eb8d7a5d2a883b412,1609728043.7082167,map_reduce,markdown2html
