id,time,lender,renter
ca0f73bba97048ccb061515728151e8c,1609426497.2305095,disk,linpack
dbd7bd03f96e4f6f9e2e35e6971f145d,1609426498.5579894,network,linpack
f2b30d90a102481b82a0c6b5a6a63f90,1609426517.2225163,video,disk
4581f5dd4d9247cc87d31974805e7c17,1609426547.241208,disk,video
7af8a80415a24413a50cc8b91dc1b8e1,1609426557.2706757,video,linpack
d2284f2ecc2748a99debbfd26b838f32,1609426559.264144,network,linpack
10b4d7cdd7d0431a8903fa22b502a0b8,1609426572.271677,linpack,video
1f5f3350fcaa4d80b9ec52a5903102e3,1609426745.5145097,disk,linpack
87e9cc47f4de43d7b1f3d74c41cb263c,1609426792.5376635,linpack,matmul
c0794fae4d7e4eb4b147c2b44bc85ca9,1609426799.5754209,disk,linpack
d7a38c078344412d963412b60deab111,1609426804.632285,video,linpack
3224b6c44e8f45ad9aab1abc0c9dd716,1609426862.659728,linpack,float_operation
60a3ac947ff44a31ba6a83388d6d6a4f,1609426864.6751544,disk,linpack
55ec9ba04ce14a3390b4e2e39110c41b,1609427167.0072405,disk,linpack
448e09b62bb444a8b0dd746aedf4944c,1609427224.0825028,disk,linpack
57791f76a2ea4217b45734e97f854800,1609427288.1865048,disk,linpack
12f9d1f37d8543efb48aa48006798565,1609427317.1242683,video,image
5e656bd5b72841f6bb3d7dc068f01ca8,1609427323.142018,linpack,video
8f19422f646b4820bd739fc92fa0cb74,1609427381.2154145,video,image
cee232bcb51c44c39a72242df6ddb58e,1609427670.5699754,video,image
93ed858342a14311a5578281bf71b5f0,1609427673.5877593,linpack,video
8221bf907b354e2fbe9c16eedd66faef,1609427818.8242834,disk,linpack
8ae63c74c43b4799907af4b951b82933,1609427843.8014169,video,image
878a635245324c448ba7e8e9e7fa5db1,1609427849.806126,linpack,video
