id,time,lender,renter
136e8b6d095f46fca2f3703872d187d4,1609414553.3512402,matmul,float_operation
9a790b4393754825b13459699d9e4d51,1609414580.36631,matmul,float_operation
44ab12cb45064e4c87b84c5a169359ea,1609414632.4560456,matmul,disk
ad3ea9b68e7e44d294ddea3e60471ce8,1609414729.5183027,image,float_operation
4429a72aca08462b8e0ca7d2aafbea97,1609414742.5530465,image,video
577992dad2bb4766b54883bc0f3c9d0f,1609414776.5965772,video,float_operation
ded3bd9fad1b48198f5a0b110a24d307,1609415113.0167673,float_operation,linpack
6848efd3a64140bfb5440dc2e4860904,1609415113.0191662,float_operation,linpack
74b932cd0c574a5e856ada922ea2fa50,1609415114.003789,image,linpack
fb455857e6d34075bf6f146be287d70e,1609415115.0171754,image,float_operation
149cd5fbedca487696246345079c6c7f,1609415241.4301167,network,float_operation
60c6119b85f24248aa17259b9459c645,1609415404.404393,markdown2html,float_operation
9d11a8d7f2b448a2971ccd26cffa0720,1609415508.4373865,network,float_operation
d968ee72d9234809aeb918007c1c0dd2,1609415593.5510774,float_operation,linpack
a31bf7598ed44728b7c37979dee29547,1609415593.5524497,float_operation,linpack
09e63d5fbeef421f9f6cfd8bf7cf576e,1609415699.6565168,markdown2html,float_operation
332c53a02bee40b990d0cbc58dbb34a5,1609415707.6900065,network,float_operation
c2f0c4c9939449bb9d5b52fbfae5ec70,1609415803.8185759,map_reduce,float_operation
7f436965df9841b08ba94596604ee48d,1609415846.8650284,network,float_operation
