id,time,lender,renter
75c00e1c09ed4dc3b14f3028d28cb0ba,1609151677.5345557,float_operation,linpack
65e2920b03cf41329e51ed7a84bc651f,1609151724.5764558,float_operation,linpack
ad716d0eb6d7497ebb79d60dbc7fddbb,1609151792.7021654,float_operation,image
362dda0f821848b7ad95fd7a6ef7727d,1609151792.7181008,k-means,float_operation
c33fb3b81f7d4a13aa643d72fa5d2100,1609151852.7851758,markdown2html,network
e2bfc3cdce9f4faa9c5be5c492ef0f12,1609151861.7641044,float_operation,linpack
6ccc6450bf934072b82d96837fdb049e,1609151961.9270165,float_operation,linpack
c4b040e2fb294dfb8f9729d598914e03,1609151973.8913062,k-means,video
290014fbab1942599603a866b4b58aa8,1609152057.0250745,linpack,video
28c0638c8e5e4a9e9784503ac24e3ada,1609152059.0173068,float_operation,video
669774628e5e42219bbb93cedb5530bf,1609152060.0305653,k-means,video
384d26be26c6466fa82f1c88f1b4e52f,1609152132.1169667,float_operation,video
e60087628c10415882c366d6b6912dd9,1609152230.2247398,float_operation,video
118643b270ed40e2b32ce6a89d324f8d,1609152233.266426,markdown2html,float_operation
1b8b0523de624712a260778c33dd864d,1609152234.2479308,k-means,video
617343167f29492eaf232477c3f1166f,1609152236.2421975,float_operation,video
8021868d10604fd995185267a6f95e22,1609152255.2927978,float_operation,video
b3ec4d25c16e40688a4e7383d8947567,1609152282.3365502,float_operation,video
7bcc2fc9d54e40e9959f78a3f4e39e23,1609152284.3362904,k-means,video
b66c9b4d427d4dfba378d9e89bd1b5a4,1609152311.3738213,float_operation,video
5a19e1c037d14ed086a9440956e6a848,1609152392.449207,float_operation,video
a83f9888963c459ebb9b684eda567bb6,1609152393.4912968,disk,float_operation
3c8ded346ffa41539d3a4e3aed91f408,1609152397.4842124,k-means,video
c525ca5eb3dd466baa03006d94a2555a,1609152450.5453835,float_operation,video
ed5f0077c560429eb24cd4a859113b2d,1609152453.569015,disk,float_operation
c2ed2830faa045bea113e02c2cf8e11b,1609152517.59724,float_operation,linpack
9f65e90a9ae545529e07d69772de3f9b,1609152546.6070197,float_operation,video
f7839d83b775425cad89bd35dd2df11f,1609152548.6093073,float_operation,video
d45d69a788c34234911224223bf674dc,1609152637.7220683,float_operation,linpack
d3219ed38cfb49e0a166f41d222c81e4,1609152811.934656,float_operation,matmul
233e192ae1ec4fbbb915c2ad7a081b29,1609152866.9634826,float_operation,video
9becc4162af343258f52a77e54a2d0d7,1609152910.0171843,float_operation,video
8c8a4f1e31024219b4d8ea96352afcfc,1609152944.0722914,float_operation,linpack
