id,time,lender,renter
46e78c08194545d1aa5deb1a80016535,1609316534.4753246,float_operation,disk
a8529553f82f48c187717414e71fbcee,1609316683.5568945,disk,video
03379a2372844e7382a4328193067d63,1609316746.6341166,disk,image
da15fd15b465482c8d6ce0a25a1a625b,1609316773.65239,disk,matmul
a82642a76f714bad90f05fce6d29691b,1609316814.7906396,disk,image
0f062110e92849e0bdde574199833e20,1609316814.7917275,float_operation,disk
2f29c7567eae46fc91c7838dde8768f9,1609316862.7435954,disk,image
8d4a990f9a2d47f9a36c09c59e1af42f,1609316935.8043947,disk,image
12f3dee6e61541d5bf23803782be7e00,1609317030.9159153,disk,image
caac9acd10df492b9625a08bda5224ec,1609317074.9999113,float_operation,disk
55e8e8bc2c154e43af5abbed091cb22c,1609317208.1025631,disk,image
00edfdd78e464f8d9e7bd88cd1de265f,1609317248.2368674,float_operation,disk
c63aa581741d4e5b860628153b6cfd41,1609317249.1387954,disk,float_operation
e1bead5d6c9843b595631b1013ccee7f,1609317257.172847,network,disk
6092d1ddd5e446388db6727b7de10513,1609317294.160038,disk,image
fbeb8e9c30cc4e4cb0ee9b3a3988cc01,1609317329.2018888,disk,image
ca093ec691e04a098a23f89c1ffb21c1,1609317425.3483574,disk,linpack
4778c5f9ee0f473f97dbf9d1fb7b8c0c,1609317449.3113956,disk,image
e615438e3bcd49ce86b17c73f353aed7,1609317477.3491573,disk,image
bff49c170be34afeaae080c8fbec0c54,1609317607.5176167,disk,image
3b483ae4712344c4a30a6d7ec2967f30,1609317741.5926528,disk,image
