id,time,lender,renter
e7ec470566614705bbf1eb05a4143c31,1609593913.4767897,disk,float_operation
1801c5714eed459394b6abc38cd36c00,1609593977.5563676,disk,k-means
9ab9952679734ee2b8c05715f72158fb,1609594033.6470566,disk,matmul
8a4a91c2c0c44fe7abd3fc292373f63c,1609594248.780583,markdown2html,image
aa607dfe34b941ca8fb3497d7b7c3f25,1609594370.9103823,couchdb_test,image
a3e81b94d68240bfba8e0216188302f2,1609594377.953443,couchdb_test,image
c49ae2b276954a229c6b8832f2c71969,1609594377.9583313,couchdb_test,image
648c932ed812474fab8043da6968f682,1609594393.9340787,map_reduce,linpack
e0931d0351c5469185ee3131bcf77589,1609594464.0704038,image,map_reduce
dee72998121644d8983b7967fe855a42,1609594511.127029,couchdb_test,image
52d66dc7332a408fb10a44cf380f0ac4,1609594511.137178,couchdb_test,image
a285ff006d1c467dab815094a9b02261,1609594550.139125,image,map_reduce
e72431ed73aa41999e3b2ca230f947e4,1609594623.2383208,image,map_reduce
c69ae0a4ac5a4b50974393aa05ce1737,1609594653.285994,image,map_reduce
b27768436f994f12845981239acef8de,1609594666.3168201,image,map_reduce
2701e7b8477c404fb191dcd30738fc23,1609594771.4780126,couchdb_test,image
0b4144fccbe849b28ff323136d0203cf,1609594771.487862,couchdb_test,image
7b29a413f7234f5ca2f88517bfb2375d,1609594837.5565667,map_reduce,network
149a284653cf4639a6b7183a3a5726a0,1609594849.526081,image,map_reduce
17dbb7bb79184bb89748b1c7dfb1de2d,1609594849.543593,image,map_reduce
a26cca3827b94030b4ddc58f31ae8591,1609594855.5167592,couchdb_test,image
54fc0a23ae5d44cb8879f95db10f605d,1609594932.684484,network,image
dac14007b6254724b00b5bd07b9d8744,1609594932.6879668,network,image
aa9167400c66426f9f4086d3a6873c4f,1609594932.68853,network,image
104e689bc6ac44b69e863c8d3f7b8d37,1609594932.6888857,network,image
e05fff248fb64bd899603623e3ee8299,1609594932.6997952,network,image
e10f4f744d5440e4947bc55598fa02d8,1609594932.7041469,network,image
fcdd48b72e914c08963b7cf408171060,1609594988.6601374,couchdb_test,image
c3b76bdc15fb4807bc7d87523fa62649,1609595021.6991422,image,map_reduce
9392d3a2628849e2a3acf4dcf0d5711b,1609595066.7927337,couchdb_test,image
41447a2c197a41aa87ec1c57ae358e88,1609595145.8152478,couchdb_test,k-means
f96a1e30578d4e84bcfcc1d7b70f995d,1609595165.8869634,image,map_reduce
6b7d6b68d84f48918060cacd6a5b7cc7,1609595240.9823735,image,map_reduce
328deaa99f204113946ec8a971bbddbe,1609595269.9839544,image,video
89525c0cf9f24d8f99748a27d7864285,1609595283.0161543,image,map_reduce
