id,time,lender,renter
77fc8cd35e1f4800aa3add8baf58cd5e,1609515732.4907596,network,image
d9f6530530b44154804dd01cd9d69ab6,1609515735.5087833,image,matmul
db550b6591254baf8a088829b4acb7c2,1609515826.5933843,image,markdown2html
71a5cf8828f44d19b2df8b5f38dd1f4a,1609515883.667972,map_reduce,k-means
a969f5110dfd44f7af684c1800c96ed7,1609515988.8287103,matmul,float_operation
0ae3252129dd46cc929a6f1234c05e4d,1609516051.9004283,matmul,linpack
a4853fde22a642c59e25eeb24e03d19c,1609516109.0389204,matmul,video
e3cf7e415a084d43b8a49147e8703416,1609516109.0833974,matmul,video
dde892592237478c9d7677cdc4089b34,1609516109.1007278,matmul,video
0f4e16408eea4f9fb190704e3e7de2f0,1609516109.1072218,matmul,video
175be2885bee43c5a3d5f04434f27042,1609516109.9648826,image,matmul
39897e5909e54cd29d93c6e4a4431c18,1609516110.9647589,image,matmul
95ad3a47ffaa46b68355801e51491f2d,1609516112.972727,network,image
d1ae43935a9f4116b6ef8cfc0c8928bb,1609516243.137704,network,couchdb_test
0f0d7f404d8743bab27eb89bd2fee032,1609516263.1444373,matmul,image
1acb5408686c4b76a6fbf6e4624f731e,1609516293.190247,matmul,image
21ff7f0591ea4ecaa188d11c26df5c6d,1609516399.3147612,image,markdown2html
6e51dfe1c63f47a79024c0e23d48deb2,1609516403.3200996,matmul,image
1db7fe4e9f254031827e5c6e20da3a34,1609516406.3725648,network,matmul
7aeb65301f1d4713a308c3870d514118,1609516454.3836594,matmul,disk
dd8b182cbe804395b98e0252296c6e64,1609516471.4471538,matmul,disk
31f25d0669ea4263b8f3484b2f605258,1609516516.5073462,matmul,disk
9d960d88560c4d6eab265393c6dc1c90,1609516553.5239084,matmul,disk
80ed767cdf4a4e69946278bf4ebc91ae,1609516553.5253916,matmul,disk
c03c5eec73fd4ff09a216cce88b86267,1609516574.532354,network,disk
b8d4ebec12314f30a10ece3f71d540f4,1609516581.57137,network,disk
76f54fafa7b44bb0932bfb21f89cee31,1609516600.6042957,network,disk
