id,time,lender,renter
6793f0f6b2c94690ac41cb3973fd70a0,1609318332.2233865,image,video
5182ac0f32aa41a3bf3e27ad335cca69,1609318389.2568085,video,disk
a0e79988335e4db596bdeb8e45f90f1d,1609318395.314375,image,video
e95fa7568a0a46649aab71124d22a622,1609318479.355843,video,matmul
0445a2db7e3749fe882e17281107ee62,1609318785.6333935,couchdb_test,video
98f39a6ea2004a7885268e0c797d6820,1609318795.641202,map_reduce,video
048f4e0e00144e0f96686e42e0079da9,1609318841.7110708,map_reduce,video
dad9e52c85904d8ba103b427c3c1c70d,1609318932.8146472,couchdb_test,video
4b081cb52fa44e83baf7ab3dbdf4e42b,1609318951.8256505,couchdb_test,network
b763c20ac51a45449635c42507159709,1609318951.8425941,couchdb_test,network
21f98ded81df4b7880f8d9e19627d482,1609318951.843609,couchdb_test,network
b03e2d24ea5045349d712769eb59fb43,1609318999.892269,video,linpack
7d8ed1c3da224144b94bc1ac19d8393b,1609319003.9114466,network,video
a7f9e0e95c9a4ba8b1d3e54f3a19f792,1609319003.912927,network,video
f01d09e9a290452aa96c590c3dc7af93,1609319364.3490934,video,linpack
dd825b2436b145a9b69d21e18fb33930,1609319381.3841548,video,linpack
3822105d8c2441d9b4bd6ca8c222ce33,1609319435.4931118,video,linpack
c4af9b1003544f70aa02e7b805aa6274,1609319435.5025337,video,linpack
16e49025566c4a1880a7907dfd280789,1609319481.5232365,video,linpack
e9749ecf0bd04b1eb9e3d1bc6c186cca,1609319549.5790298,video,linpack
96bd3209626d421fb6c1e96c8883da54,1609319653.8192902,float_operation,video
74833701cf194bf9989334efcdbe37b6,1609319653.8203497,float_operation,video
5467c0acf2004ba383ddceb0e6bae5f9,1609319693.849586,video,linpack
