id,time,lender,renter
9eb13f1513c847a38c86a588f9a866d5,1609935819.493876,matmul,linpack
ccd1bf1951a84db3973f5ed9b621270a,1609935825.5666916,linpack,matmul
53b4057df2b9401c9ab8f1a862d80ca9,1609936051.694855,matmul,float_operation
c61c1da4745f4e9f81e2e4626e426c54,1609936051.7012331,network,image
d90e370cdcf74e52a106c927bced61c9,1609936111.7595317,matmul,float_operation
52e8e0641bbd48689d5b6dd03dbd9490,1609936171.8268373,matmul,float_operation
767d75df2c164a19b6a9e3c21005d5f2,1609936231.8844984,matmul,float_operation
bf74ad781e44408092113cb42d6cebf0,1609936292.0499053,matmul,float_operation
3f13e9d180cb4c25af6826de6765c417,1609936352.0410736,matmul,float_operation
e95af6caa3084bd6bb96e486922f508e,1609936398.0799766,matmul,disk
9256542c44a040f999ccc064267ee8e7,1609936399.0998242,matmul,disk
0786811983204c0bbadff99fba5362da,1609936400.1094873,matmul,disk
7642d272476048b6be20fd78cf3cf65d,1609936433.1719751,float_operation,matmul
f5c4a090eeb14052a2f64bf1e4036c52,1609936468.1861582,float_operation,disk
bccc3dda9ea34b038e2cb161b5eaaa20,1609936469.6629403,network,disk
733d8b4c20564011adfa31d22d22c162,1609936503.137919,network,disk
f049173925f9420abd156704b7b7cb87,1609936505.12713,float_operation,disk
8a8ea3fecac042fd91a3056c0cee6c8a,1609936532.2666466,disk,float_operation
617a2e5f207d43db823b3d0e8250d29d,1609936612.355973,disk,matmul
ba59bcbea559401197c3b2d9f98dd965,1609936612.3628142,disk,matmul
9770633594a84a018975f8cbebb1d915,1609936675.4172106,disk,matmul
6743fc129d284e98b4c0acb408ca62b7,1609936677.433888,disk,matmul
bb2d70def69947a29832d4705a156635,1609936679.9700863,matmul,disk
32bba02a3f854e2496856a2f1586d682,1609936680.481452,disk,matmul
e6c209d19f9d45c59c12f656be9cfd33,1609936680.4818144,disk,matmul
1a2159482b934477b82d528e7c66756d,1609936680.4865134,disk,matmul
64a69233f46d4c1b951dea6f0edc8355,1609936684.4535294,couchdb_test,markdown2html
2044be59f4ad48cbac82c6bab4c59608,1609936938.7353594,matmul,disk
1a86e710688d4fbc9fe65c2460f04731,1609936938.7423298,matmul,disk
