id,time,lender,renter
e8896baec5d34838a2b24a462cffd58c,1609662243.4578164,matmul,float_operation
11caf0ff5ee045a781ea4e23a8ab9031,1609662299.5413427,matmul,float_operation
6e99916546134cda94d465b88eab464a,1609662333.5898743,matmul,float_operation
a335927797284b1599cbd501165f7e66,1609662378.6485891,float_operation,network
d1235061ca884b6f9759808810e897ab,1609662395.665036,matmul,float_operation
28a0e01d959c41da8be07366cfd480e3,1609662398.6715555,float_operation,matmul
a7cb4c230c5c4da6b8a1f6139b338ca6,1609662421.7654686,matmul,float_operation
6749cace047e42d09ee1bea03c620a60,1609662433.7059715,map_reduce,network
5c7d2428cb254d29a5e8af7f27606d04,1609662563.9136438,map_reduce,network
f14ba68afe804af1b5a807e7dc354fa5,1609662592.9443674,couchdb_test,float_operation
73b1ba52838741c98ffd840ff321c6cf,1609662597.9530342,map_reduce,network
8d9daa4eff4349debdbd5fa3f31b9add,1609662597.954548,map_reduce,network
42b48df0d7dd469587b52a95aacaa570,1609662598.9496143,image,map_reduce
560d61ae17834e9685bf76cf53900026,1609662619.0206351,disk,float_operation
d27bf4ca64b44a0493d36893c1d8dc0a,1609662697.0617237,disk,float_operation
5adb3b23215e47028c64160188cb16f9,1609662758.1535492,disk,float_operation
6c355088d52e4e2f8f6b20c4b54f60ae,1609662825.1874733,disk,float_operation
8364ef2462a443739881b1b44af8dae1,1609662970.318313,markdown2html,disk
c044e069290e47b9a43063c619a6ad7d,1609663023.40433,markdown2html,float_operation
48e9b59d27e247069f3d63023065d976,1609663036.392284,markdown2html,disk
3f0555d4ac964dc8b4cbbd139f97c9f3,1609663066.4569943,markdown2html,float_operation
2a1ab7a1794f407796f08d0d0299e83a,1609663084.4726264,markdown2html,disk
4a21c7681de54841b4af3feabe5ad387,1609663132.5009584,video,float_operation
d8f3cec6c1d74577ac2da09e5d78bebb,1609663191.5640924,float_operation,disk
2cc23cbf24f649c98e5d6e13ddc01216,1609663224.6385674,float_operation,video
7449bfb18a8a40138f603f5b999bdc22,1609663260.6257262,float_operation,disk
46117d91f732440e9d106eae11dfa420,1609663425.871541,markdown2html,float_operation
b2a7d8177ecb4576a8eafcb1b99ad3b3,1609663458.871801,float_operation,network
