id,time,lender,renter
acf7617fbaad4c00bb3bb0f27c427582,1609590046.930765,linpack,matmul
f5c28c97a7ab4f319dc38b3d9ffc669f,1609590161.0563533,linpack,matmul
59932b1f5f24427386980c30d393ae44,1609590205.1474905,linpack,matmul
a835ae3887184359861ffa8129b0dbbc,1609590245.2452905,map_reduce,video
d29b02ce9ce94a919eb2560a38e942a7,1609590305.3006194,map_reduce,image
62d10963115c4cd6ac90d28c1848cc2a,1609590347.278507,linpack,matmul
4edc81bd7dc146b880c1b8aad0e2b118,1609590407.369022,linpack,matmul
9d7c24b42d6744069e68f214fdd4edf6,1609590475.4510083,matmul,float_operation
49a447216c924c648ad08a53da5c41ac,1609590665.749578,matmul,linpack
f5602d8fe354405f8bd14f47d4921295,1609590725.7829769,matmul,linpack
6d64584282b1456da14526a3a67e4266,1609590785.8778524,matmul,linpack
414260db65ce43aeb8e72c0ec0bcb469,1609590845.997255,matmul,linpack
0ff8f5f1f4294aee9ee66c9c7739b359,1609590906.0182412,matmul,linpack
66a01557aa554b8bbedf81eb959d8f07,1609590966.1227455,matmul,linpack
e86ed44e421d4138b0aa06b7dca0815a,1609591006.0984757,couchdb_test,markdown2html
a9ecd10a483e45c0b926cfd78965c402,1609591026.146538,matmul,linpack
7a9353d42bb7479a8189d90221d2aa90,1609591086.221768,matmul,linpack
55419869771e4b238d17b4421e97dc7b,1609591088.2467384,network,map_reduce
eea5d8f0fd034960b6d7ae9aaa1e1d66,1609591146.283062,matmul,linpack
8d43f9d32f4c43b4a32af171f4f1f18d,1609591146.289292,matmul,disk
78d879885c4942088e2f9ba6829c0619,1609591147.3363583,network,map_reduce
001bbfd5b83947edabc7ffa3a4731a32,1609591206.3467047,matmul,linpack
469e9daa9cef45499bb9e47b8c08d4e8,1609591208.3657486,network,map_reduce
9646e14d25e44f8a9639b54dd40f5bfa,1609591266.4365075,matmul,linpack
877e456017b74ac4be40c41a51721dad,1609591326.5386457,matmul,linpack
