id,time,lender,renter
137851528af141019b7690938981afa6,1609307583.1461592,matmul,float_operation
29f5fcfea451470db783fe64f6f75bd6,1609307722.3076818,matmul,float_operation
3613e4dc23b54dd49248987b566f4029,1609308064.741218,matmul,linpack
61278a09acff4dfdbe537e26dd47c37d,1609308087.4789433,matmul,disk
8052218ef2dc43398cf35e4c72ded680,1609308115.9890466,matmul,image
cf2066c53adf483ab3f92754785b10d0,1609308217.9071236,matmul,float_operation
75d8cd5612dd4d0b8abcddd1c7733cc9,1609308389.1333783,matmul,image
15307a6ca9ac465ca76ff77c573da2ab,1609308440.316322,matmul,image
7f65237d1361441c995eb3ba0faac988,1609308477.2522688,matmul,image
5cb28c902841414d8e40626c660e2d10,1609308493.2667673,matmul,linpack
80fd41f2d27e474e853afdaccf048d2a,1609308535.297865,matmul,image
f28ed29f32bf4b529fffb45d615b6c0d,1609308650.4431243,matmul,image
5341d5fc636a4b7e9a3c87d4cf69052e,1609308774.6226864,matmul,image
