id,time,lender,renter
b44004050c5f4084bd358b895ed311b0,1609680786.4743178,image,k-means
e836a16081684566bfef3338775976e1,1609680802.4834824,couchdb_test,disk
7741d7621865415791b97b749c9bb5d1,1609680805.4911275,image,disk
211d8d1ac6bb41238f8071db02a429cf,1609680818.5220864,couchdb_test,linpack
100c00a01a1a41d5a318fe27bd93fff0,1609680932.6187737,couchdb_test,linpack
ad62ee0b2f744566bacf3ff4a9757c1e,1609681037.7589064,linpack,disk
86fe77b12f9848ee91701700d96c2e1f,1609681055.7794516,linpack,matmul
cba3a4bd56eb46e69f8aa7d710fa6a52,1609681056.7883148,couchdb_test,linpack
0fb97286bbfd4ffaa2bf8974c6846f5d,1609681109.846094,linpack,matmul
f000ab91787449c8bc2486bbfc919034,1609681155.9132693,markdown2html,map_reduce
45b8357ded734651b92b6b732f1ccd5c,1609681155.921909,markdown2html,map_reduce
b3beaaf5f3c74b46b8055a4e7cc3f073,1609681223.0259638,couchdb_test,linpack
3b7915413dbc45099694c344ff01f143,1609681252.0210693,linpack,float_operation
7141bbec8f154aaea37700f900faca1f,1609681338.1299381,linpack,matmul
7fc18b0e8bd648aebf98735472bac650,1609681349.1865723,couchdb_test,linpack
cab16888e1ac4fffaf1ec089ca1a0483,1609681465.282106,linpack,matmul
673b8b1a3a274e209b2b09c325e74c53,1609681551.3818352,video,linpack
b1d34a05d8214f38a1a65241cc6f409f,1609681617.4723094,video,linpack
18f8a46d019042b6a3fc24a917f505e6,1609681635.4701173,video,matmul
fc52d8fbe320402eadcdf0270c5e7432,1609681638.4818285,markdown2html,matmul
0d4de56f5d404b348c07c07b59999a74,1609681645.4796047,markdown2html,map_reduce
c11ee71bebfc4b198b323816ed5fd735,1609681715.5939152,couchdb_test,linpack
13102c0a1e84444291f9577ea398ac01,1609681738.6423538,couchdb_test,linpack
4e77d68b6f144c80b38ba6d55892d569,1609681788.6735215,couchdb_test,matmul
5442f0b8aff84bd39f5969a3b76ed638,1609681809.687066,couchdb_test,linpack
0500718a95864ac2a08f5a737965500e,1609681840.7232022,couchdb_test,matmul
f9d187f23af14c82bc92c90ef211712f,1609681874.7527914,couchdb_test,linpack
43735a0a21684206b3773362e8dc9c23,1609681908.803289,couchdb_test,linpack
3322983f87e844ff979fe5d12f5bbc68,1609681936.8293643,couchdb_test,linpack
82d8b78a36734fb3bd2375923295a0e1,1609681959.8485165,couchdb_test,linpack
998fa8a9bb354aaa911ec9fe476b6e92,1609681971.8755975,couchdb_test,linpack
381625eae1ba48cfb84db7b994b1486b,1609682033.9360826,couchdb_test,linpack
6e4c97f3d29c4182960a489596e0b80b,1609682094.023191,couchdb_test,linpack
91a561ecb3e643a29bddef71c46b258f,1609682149.0593154,couchdb_test,linpack
