id,time,lender,renter
3d1680751161482cbb8ee5982904941a,1609563608.4269726,disk,linpack
d9761e978da94244a16a08fa8145cca6,1609563824.722832,map_reduce,couchdb_test
08ccd2da2ecb4c40a9789b5f78c45cec,1609563829.7150953,disk,k-means
230476963db4427fb78d347dfbb7e82d,1609563832.7024431,markdown2html,k-means
e9c45c6bc515427a81b2415bc3f0568d,1609563846.7251656,linpack,network
b7517616da124567ab028691e227a78e,1609564075.9829593,linpack,network
85e3ffb342324d02a89433c530e2c644,1609564079.9926062,disk,linpack
184b36c54d1a4ed08ab1de547909a391,1609564223.1810415,disk,k-means
cca05c2a5ac34d1ca69e65f4c6ac6789,1609564262.2143078,disk,linpack
0d7db818c8724e21b81833d2db03b60e,1609564316.27068,linpack,matmul
f80546f7012e4a7797b2878a47af279f,1609564365.3960993,linpack,network
d3f7810b7476420d9475f4cb478d9405,1609564378.3698182,image,k-means
506a1e6142e54e29896a3deaed97aaad,1609564482.436373,linpack,float_operation
fa973062b01f4932813d502ed581ff25,1609564485.4576516,disk,linpack
1b1bb74fc5d04573af4176a9a01ecb12,1609564485.4715064,k-means,disk
e8a911a3be46468d8c216fe0863dacbe,1609564605.624424,disk,linpack
bd05a07d455f48a2a56cd6b0310af56c,1609564605.6369731,linpack,disk
85110d3b280a4df58370244eafa7716e,1609564670.6699772,linpack,video
cf96ebd5d7a74f7581c5a65214f05d3d,1609564692.7084386,disk,linpack
1738b29437a54b748e2308ef296f62c0,1609564695.7088583,linpack,disk
428b0793e33f424d80b04bf80c67a2fa,1609564703.7122486,video,image
