id,time,lender,renter
7b5af8382d8a4b72a7f6a9fd4db9002e,1609210501.9120417,video,matmul
d3903b37cbcf487e9a0819d40edcf943,1609210501.9136121,video,matmul
eb9267cf31c24273a67a9cb4f797a537,1609210501.935192,video,matmul
fbbe9e6c36a64b7ea3df1affd67d8862,1609210501.9369981,video,matmul
5cccd379113b4de791abf2b61fb2c42f,1609210506.7026036,k-means,video
b8808e88d884458881cf1227b3256b0e,1609210536.7463815,network,linpack
0990d323f7c5447984674c83e22a9683,1609210591.8589165,linpack,matmul
99329db4b98a4059b7e14db79222adb4,1609210867.1317787,matmul,float_operation
682e1a064b2844cf817c12b36842fc43,1609210907.1930833,markdown2html,image
27a09c2088d54259b31861a8f893c68d,1609211749.1319504,matmul,disk
