id,time,lender,renter
99499cdc83cf4bb985622857f72cb307,1609153576.9283922,matmul,video
f8eb99f8fc074891b074afeee5a6e013,1609153658.1759958,linpack,video
04d49ce0ba4d481f9df5133e98ea01a1,1609153707.2021914,linpack,video
bd687abfc6154a7085f19c8350524030,1609153761.7263699,linpack,matmul
e0639080efaa4dd992f2de8894ce27d2,1609153771.2013845,linpack,video
e8a0b4345c674469b8d7f32d2fd1fbe7,1609153778.5488343,markdown2html,video
45eb13b7e52b4c3c83d73635696002be,1609153882.0481207,linpack,matmul
079eb6c8311b4e12a78e565e005e14d8,1609153892.340137,linpack,video
5791e444057a4061a4913b3c7b177369,1609153896.8288414,video,linpack
6bb9f36434b9456fac2e632f7a8a144c,1609154002.0647206,linpack,matmul
d0dd3c1712a84cdb8a5af27a607767b7,1609154060.6409445,linpack,video
3a0991df914d4bdeb7a01d7be7ba4332,1609154100.0120778,linpack,float_operation
0db6efab9c2e404baa1db12151b0ae2a,1609154122.09813,linpack,matmul
910a4cccc1ad41a09c7cb574f7211a35,1609154148.0995188,linpack,float_operation
6cb02d1cbc9149158d234f38b359187b,1609154218.9869258,linpack,video
2c961bf9d54247349dc6aee2a6aa2263,1609154219.3723059,map_reduce,video
962237c01338488da50c1c1a75bbc33a,1609154219.7886755,video,image
f160b45f86be4e7082b48d3778a05db8,1609154227.1538408,video,linpack
132a2013cb024dedb359736918ccdde1,1609154242.3592753,linpack,matmul
b87ed3f3a3904f24981d69803eb02ed5,1609154345.7329834,linpack,disk
95fb337423994f899d974738908fd99c,1609154347.274483,video,linpack
cb80847b43c145bf8f451f096337b76e,1609154362.3062363,linpack,matmul
e925f6fd9b484b96a5b56853487d5f58,1609154462.407499,linpack,video
47b184abb7804e8b86e9cc703dfc9078,1609154467.381301,video,linpack
413f7737b9ae448f95b105c848ed0a7b,1609154482.4304543,linpack,matmul
d4a15f7c78074e4da6431961efe88ed1,1609154547.8857257,linpack,video
d5ee309187ec47219779dce6988b945b,1609154602.9110713,linpack,matmul
07702992df244c3ba35c2f661936ccf4,1609154644.3778293,linpack,video
b6f507f887eb4a678f6489b15a7e331a,1609154647.586845,video,linpack
16c48578a2814719868b372ac919d4a7,1609154722.6919858,linpack,matmul
197b84aa194043369971d6feedc0cecc,1609154797.307623,linpack,video
51de45b837f043c38c0385094a9722a7,1609154797.9332776,video,linpack
270ea36804584618a31962a1f2034962,1609154842.8465626,linpack,matmul
ccb323325e94451387373594420ea4c6,1609154924.3888464,linpack,video
