id,time,lender,renter
5ef5866fa1a04ecba343607e5b1476ed,1609305615.1476007,matmul,disk
c9080d47969249338cf8a800c0d71822,1609306197.8403614,video,linpack
e56f7977cc1142d0b34cc97fd198cc45,1609306474.1698759,video,linpack
e6aa8b1fbf0344eb9fc864c6eefe0eb5,1609306499.2083282,video,linpack
cd7698c062d44388b2066d8a16e8ea1f,1609306911.787562,video,float_operation
39bbb2d07b4f4c33b83ca845382d5dd2,1609306934.7528803,float_operation,matmul
