id,time,lender,renter
277bc225a23c4f61922350a24175737c,1609422701.9884677,k-means,video
b2aec8d836b04957a00e887d28c391f8,1609422870.1569095,disk,linpack
5e5c682f255347fbb633e28c5646099a,1609423150.4285247,markdown2html,float_operation
54cdb23465834a33a67a431cecaa6a51,1609423280.5725837,markdown2html,float_operation
537ba3a8b8134918bceda209c596973d,1609423684.0752494,float_operation,matmul
43b27750adb3478cb207cb15926043b8,1609423686.0540006,map_reduce,float_operation
33e2f450cc1141beab3dac09fe817c84,1609423716.1548183,float_operation,matmul
