id,time,lender,renter
cc56a22bf7244fce870ad30dfb58243d,1609357278.4194033,k-means,video
004f499e87194464800aa593b61de094,1609357400.5645065,network,image
322819ffbb704bd9a2af3921373e2342,1609357712.9994175,network,linpack
bc2b0968b3344947b6bf38c3c556c447,1609357829.191827,network,disk
