id,time,lender,renter
11748f1d151e46eaa55c5319c64586ab,1609171812.4337575,disk,image
88e88363cf38466bb32ab445964da7b9,1609171851.4290214,disk,float_operation
26697ec140ce49128d4e2f43b0713455,1609171851.4345686,disk,float_operation
3da3556b1d2e4f97a1be1a8615e1ef9e,1609171855.4585178,linpack,disk
29a219ff458b4db7a09738c5499dcb77,1609171916.565005,float_operation,linpack
e003a1cf91b546c994de7f1acc894a76,1609172002.6720343,network,linpack
45c2d9dfa85e4b43b8af8ac84a8b8e9f,1609172123.7631946,image,linpack
ae3c636277354bff92ddf951de12eb00,1609172148.7904673,image,linpack
408c00720b67454d9244da131e56c5da,1609172210.8810487,image,network
2056b8f9cf4f4cafa70510e2fc2d7492,1609172222.8860126,image,linpack
4fd354c5c80c45e88a6337e0b2b48c92,1609172222.8923683,image,linpack
bb0e70ae1dc244f5a32aec1bfc1d3120,1609172223.8786314,image,linpack
44bccd801dcf425a958bb4fbc6c47de5,1609172240.9141686,network,video
dbba5276cf694c81ab15cd8e522094c6,1609172256.0082426,video,linpack
901f6efb8b5c436b91424debc78f6662,1609172286.0147371,video,linpack
548fde10c1e3441fb9ef813922d67e94,1609172327.038507,video,linpack
ba1f791d69e643ba8ae7c24cc9e3c935,1609172390.1418195,video,linpack
eb4bd61617de4338843e42260df1357d,1609172476.2659082,network,linpack
c9aefc83107e4f5ab92bbc8041db2a9e,1609172503.2958732,linpack,image
1971ab9534db4f4f973673a71e9cfeb2,1609172558.3313751,linpack,float_operation
7ae461d3a2b245da996c4481cdec1f56,1609172856.6600356,network,linpack
72393059fdff404f937f4312a7db8e12,1609172903.7395492,network,linpack
bae4dd9d61474e3fbac7e2b4265defb3,1609172967.8119771,network,linpack
ebcc09ea20f842e5a3c5389a9e5b33c2,1609173057.6562443,network,linpack
