id,time,lender,renter
4f344109ced44e2eab925ce84f89d586,1609225877.6879306,disk,image
939412481c93413b9cf92b80e65ecca9,1609225882.6943865,float_operation,disk
c1717d9b2759467690e78e0359275d99,1609225907.726206,disk,video
5cbcdef9e6e74f6f92cdd1de0864f327,1609226077.9188004,markdown2html,float_operation
cf958342c688422382345d5c39bc90c5,1609226086.9297662,markdown2html,image
f93f11dad56346f1894e048c8432f1ae,1609226233.1178925,markdown2html,float_operation
b6e597107fd14b5a86547a7fdf0e92f7,1609226343.2497373,markdown2html,image
0e32c2e942a14fcc91fd7600d3e11716,1609226495.4319963,markdown2html,image
69184edbdafb4d1b91b01f90466bf907,1609226653.6289315,markdown2html,image
9f6e46f82cc54322ae5ca81f70376906,1609226793.7948189,markdown2html,network
5bb6ad8abf1d4035a485472e2698ddc7,1609226793.795805,markdown2html,network
c802d6d6e6654b1fa4e942cfbfb36237,1609226804.8198357,markdown2html,image
e3bf0664a80e49c6b42c787044a74ae8,1609226870.922599,markdown2html,image
3df52f77de8d4a20b05e85427b2150fc,1609226938.0620244,markdown2html,video
1144d870bdd649ceb1df39e66286fd37,1609226938.0639498,markdown2html,disk
5358f19fcc05454f85864c57c06a0348,1609226940.3964758,markdown2html,float_operation
1539c406ed724918b8880651cff02d35,1609226995.4384537,image,float_operation
2eccd6e11bb248258ecabdd596d095d5,1609227055.518372,float_operation,video
aaf0b4c61feb4605836fe1ee335182bf,1609227098.5483713,video,image
7b9a0b0c06fd4d3a9732dc3a0368cc5f,1609227122.5773354,video,image
5631868859fb46c3ab88fd2d7d0392d6,1609227183.650283,video,image
baabfbddd0f54fe1b2861a13ba1a7ec0,1609227241.7160847,video,image
