id,time,lender,renter
06589cacd6d5465eba9c1bfa74e6470e,1609868243.1631007,matmul,float_operation
22e8020cfce5449794d2b94ee9e83069,1609868311.2309353,image,float_operation
1eb61b414998410fb5d074943d3ab95f,1609868338.2772062,image,disk
6e0f47a70253447fae4c5e0e1f1975bf,1609868369.2929661,image,float_operation
9f815283a1644250b3e136c7dc1d3c1a,1609868397.3115928,image,float_operation
af735c747cde4c60bf4bebebbf246a2f,1609868422.3183336,image,float_operation
45afd08da3cf4385b1f054a4bb2c4437,1609868427.3162518,image,float_operation
25ef4a57ae0f4a0b8a550371d71e776f,1609868818.8376234,float_operation,linpack
a306dc16b7f946f6b5864d9b5399c8a2,1609868818.839698,float_operation,linpack
b82d2b7f6518495ba29043ee04e4cb98,1609868819.8668916,float_operation,linpack
983dcf616410441c8871c8ba562d8409,1609868820.822158,image,float_operation
4ebcebc6df864ff6917ba77cdfce9785,1609868820.8296585,image,float_operation
436178a3e357455a96287655338f016a,1609868838.811338,markdown2html,video
f91c910945764754a004dd27ee945e28,1609868946.0528295,markdown2html,float_operation
bbf2b9335443433589128f66e3f3e994,1609868953.4426699,markdown2html,float_operation
181b647ef4004831aa92c905606eebe7,1609869153.2032838,markdown2html,float_operation
79c2434d69dd44e2a814cec440d5ba57,1609869235.2896833,markdown2html,float_operation
107d5ddf050242b1b69913be2265382e,1609869299.361997,float_operation,linpack
1a1f52255bf04256b39ce037627f2511,1609869300.3868294,network,linpack
0f3e6fd3a01d4d298689eab82263242a,1609869321.3429947,markdown2html,map_reduce
e032773f1d7a43ea8763bafbecf53abb,1609869381.4406352,markdown2html,map_reduce
1574ff3227e1477bb65634641e69d55a,1609869405.461973,markdown2html,float_operation
70d4efcb47e148408fb7fe825dbaecf3,1609869413.4845326,markdown2html,float_operation
a62c716a0f134fe794cb851e84f7e031,1609869440.489253,markdown2html,map_reduce
f7464e0cc1c14e699d15431780adfe35,1609869501.5713077,markdown2html,map_reduce
d9f9fc68854049ca90cb25f62e9656fd,1609869509.6060698,markdown2html,float_operation
c76c8e25f39c42db9ee44e08c1078426,1609869552.6694326,markdown2html,float_operation
d41ece1a49e14067893fdb989f27defc,1609869560.64992,markdown2html,map_reduce
