id,time,lender,renter
3e543d7b554346878cbbbcb142821b51,1609952389.3650467,float_operation,disk
ab1b777fae4e4fada252a34e8cd821d7,1609952526.5644898,linpack,disk
a328fc7fca2b43eeb09375df3e9c9e82,1609952527.5191677,float_operation,linpack
46db074c618c4fb1b880779a9c87ecec,1609952631.674646,float_operation,linpack
ee1d72614fb946db878a78997908d2ff,1609952719.8322737,map_reduce,image
569aaad944aa47eb9374a4a6784e407d,1609952757.8164296,linpack,disk
dbfa8d43f5aa43a58c74db6da3fd8c40,1609952779.8212662,map_reduce,image
8cab9599d7fb4fd0b83357fa28e50cbf,1609952892.0590897,float_operation,video
be46d51b4f104320a6bc0f413abb29cb,1609952938.0432107,float_operation,linpack
19f020b7e77446eea2cfd37cf83634a2,1609952998.104559,float_operation,disk
80cce6b120474c18ae32363b28cc718c,1609953175.3717105,float_operation,disk
4361fbdbf087419384367d99ab2977e2,1609953181.3621533,network,map_reduce
40c01292912847b392bab171d835c9ac,1609953194.3557813,float_operation,couchdb_test
3f1e12727c52456db36ec54fb6db81e8,1609953219.4243436,markdown2html,map_reduce
7c80e5c1286b49d9805fa245c5f92e22,1609953242.3978076,float_operation,linpack
375b13f8ff7346a1ad4980401c5b525c,1609953244.4680934,markdown2html,map_reduce
bfde070f892646dfa01c4d5c543b0edf,1609953278.4705834,markdown2html,map_reduce
c3d3bd82e1f24523ace1e512d561aeff,1609953294.5209537,markdown2html,map_reduce
c0ae2142ec4242afb28b6739d8c20045,1609953492.698042,float_operation,linpack
144e8e9ea8b14dc39108478b8a687627,1609953583.788529,float_operation,disk
658c4594384548fe9245ee1ef87a330d,1609953620.846031,markdown2html,map_reduce
e8df4da739f54cd4ac23474fb783266c,1609953628.845289,float_operation,linpack
f82eead3a6ec445b9dac1628254ca17d,1609953676.94809,markdown2html,map_reduce
10e63e3fdeb24763a77ac6dd73ed36f3,1609953678.9270184,float_operation,linpack
760d32bf9ea443d79130e9d29be430d8,1609953703.9698439,markdown2html,map_reduce
54eb1d5f2e8d44e2b0f863fc8844e075,1609953726.960667,float_operation,linpack
