id,time,lender,renter
3b534a856efa4729b817276472e04d8f,1609347097.2421446,matmul,disk
1c895629eeb74f508d963daa32e6ac4f,1609347098.411823,linpack,disk
cd09f64a1d054b01bfa7e23d2b07756d,1609347331.4075472,linpack,float_operation
e1d00eaca8774363ba8fc8dd6eedb6e2,1609347719.8423321,k-means,network
