id,time,lender,renter
a11ea19587114c20a20fb998e696106d,1609410724.4572778,markdown2html,network
7fea38115cee470280d0e282f28ba09d,1609410783.5305538,markdown2html,network
6b5fc1ef5d7b4fbda86bb215264b39f0,1609410844.615711,markdown2html,network
d5c62a4b01ed4ca5a01da1d284a6449d,1609410904.6818416,markdown2html,network
4b8f83a415f148788d7605a1a13fb33e,1609410964.766928,markdown2html,network
91f4a843211d405c940d3cd0a7adc93a,1609411024.8421378,markdown2html,network
f0084c8d06964100b0573abebcea98bd,1609411084.8917527,markdown2html,network
a5090523c7d94db78249208f5d13a6db,1609411144.981996,markdown2html,network
ef10c3fe6a3c4c67a49503ef366138e6,1609411205.0467055,markdown2html,network
0ddaa1c6cc8b4d4e92c28505e594d2fb,1609411265.1351106,markdown2html,network
d32e7493da2d4032a798e4a703f3596c,1609411325.231419,markdown2html,network
10b9fafd443f4789a57f4d0cc3785bb0,1609411385.2757099,markdown2html,network
9d9a266c5342475ca78077a24aec0606,1609411444.3400095,markdown2html,network
8faeeffe09c34f7598cfde993c595c17,1609411504.402537,markdown2html,network
e491e384cbdc402a89530c9aa5673133,1609411565.5280054,markdown2html,network
aac72059991e43479845e10dbceb7c44,1609411595.539197,linpack,matmul
584577d93d5c436aa47838554a77a7c0,1609411625.5540617,markdown2html,network
70b3deb082f64370bc0f62b6a5024035,1609411625.5563235,markdown2html,image
72b54a9eb34f4e45901bc240803919e3,1609411685.606066,markdown2html,network
a1d71d9396fe4c9ab0085b19079cdcab,1609411723.6461532,disk,float_operation
0b88f262bff8411dbbab465022d297a4,1609411724.6599946,linpack,disk
fce3309d79e84aa7b80131b786d238f7,1609411725.6485186,disk,linpack
229b0539331740e78d2f811120934178,1609411740.656988,disk,float_operation
b3f01227fa2842db8947b769f688dc16,1609411745.6791296,markdown2html,network
9e4ea04b03ea496ab6039f8f9e74ed30,1609411775.7332823,disk,video
34b98ad4d66643d79f71cca79d07e9e4,1609411805.7740307,markdown2html,network
503e2e0d654d4050a224c84c9b250ed9,1609411865.8294253,markdown2html,network
