id,time,lender,renter
7890a743f17a4cd29e82992f6f529c58,1609224008.7759528,markdown2html,float_operation
ab8a8a71388b4c86a8019ed103aa1cfa,1609224143.9515002,markdown2html,network
a3416e724ec04b6ab42412ebd4bd5f82,1609224264.1484065,k-means,network
1b8fcd7d9c174cc3a67c605af54f8160,1609224384.3210447,k-means,network
67e063410bff4731a28de07825b80300,1609224504.4095063,k-means,network
4208a8a2b37b435f893ac4d619234b3c,1609224624.6093752,k-means,network
af82311817b2441c8187b32e7215c176,1609224744.6943638,k-means,network
66460f33195e4475bc3f9ff9a4a0d515,1609224775.7251399,k-means,image
92c3dc2bd5e9496fb05d7c7a110acb8a,1609224864.8868926,k-means,network
3ff6129fce0e41f0b1ee4d70d90a5b3e,1609224930.912235,matmul,float_operation
34f81c645f3d4a7b97d05713bf928d95,1609224984.9846766,k-means,network
77fb322ed8f44df296e1e6ed3f4c8edb,1609224992.9964352,matmul,video
9566a36d1a704a38b98950620b794455,1609224992.998292,matmul,video
37c7134cbb2a4ad9836688c27d35ad4c,1609224993.9914527,k-means,video
3e8887ac7b694092bca31dbd5cb7b3f2,1609224993.9931207,k-means,video
1d2da940647a4ba89eee76afea4e267d,1609224994.998508,k-means,video
162ae52bc7224fcda429253a64eaacdd,1609224995.0007844,k-means,video
01568543c9ab49268e227455c1d6de59,1609224995.0012608,k-means,video
