id,time,lender,renter
bf6b48dcbea943eb863a2093aad464ed,1609241322.38694,image,network
ed20af92b68b4951b72f1df7ecf80d56,1609241487.1729255,linpack,video
dfae5877e6fe4eb292bfbe98d511e225,1609241487.187545,network,linpack
d1c260fae35744ffbdaa5d6021bb21d7,1609241489.164713,image,video
718ab65fc71a4da6ae8257d73940221e,1609241586.4673333,markdown2html,network
64c59f8a4cde498f9754d4f082256c54,1609241676.5821726,image,network
c167f2a43b5e4712b8f420942c2142f3,1609241856.799061,markdown2html,network
e57c296e54f948e8bd5a067070446526,1609242324.2226453,linpack,float_operation
8a0ccd5add31483aa63dad5ed330f4f3,1609242371.2851527,linpack,float_operation
1ffcbc695075481d8d4a5f8fc04cb0b9,1609242377.486419,image,network
57329cb04de64a8682a63d846d7bfde7,1609242404.3323445,linpack,float_operation
ae1ef3d7b4f14bacbaa178e003aa413f,1609242432.3719108,linpack,float_operation
60c9d4e2be5a4a2580c9efefc9ae0c8b,1609242500.4422307,linpack,float_operation
eaaf97a78dd74c52ae6ec5b082bcdd7f,1609242579.5400043,linpack,disk
be8a376570654fa2a0bb778136068198,1609242647.7879927,markdown2html,network
