id,time,lender,renter
1cc899dea02f4956afec47da4fe5b7b5,1609309422.802808,couchdb_test,image
357777767f764272b4731613b7c8b7cf,1609309499.8670309,couchdb_test,image
55384bd449f34d9e98fd9044e907caec,1609309503.9250112,float_operation,image
aab2b91704d74a5d80c656e47003047b,1609309543.937582,float_operation,disk
a2df02f86c4c478f8b2f47cca8b1678f,1609309685.111524,couchdb_test,image
8927b463108e4196985292705a17ccd5,1609309724.122929,float_operation,disk
ceeeaa7ef6014ca69d2702684dae9fe8,1609309749.201746,markdown2html,image
0662327e2940448fb5e42b07bbfa2001,1609309834.3284662,markdown2html,image
78b3c22eeb51494585b65ad0b6d3c3ca,1609309834.329567,markdown2html,image
afdb9dd329974abcb56ece20d0bbf641,1609309837.2807214,float_operation,video
80ac2376e46d461b9e06a2085693f608,1609309891.3184917,video,image
dbf85da2239f44e89dbbdb25cd39b8fd,1609309974.3988945,float_operation,matmul
5b376e79fe544c53b6845a0fac4886b2,1609309979.4128315,markdown2html,float_operation
8df618eff77647c0906b8f314fb1278e,1609310030.4781985,markdown2html,image
4792b9d0b2174e2494a1c4d5d1fdaee2,1609310117.6053252,markdown2html,image
bb42785fc08f4b50b7e98573947748ea,1609310168.665315,markdown2html,image
1f77aae4cc204c6b87942941b45b414a,1609310202.6716895,markdown2html,network
058b312a57fe4422b41d53bf31ec359e,1609310256.7490413,markdown2html,image
27f7d1167f65414fb299755c6c79087d,1609310296.879176,markdown2html,image
12e2d564952a4b5992ea19f83fdf9936,1609310316.8687172,markdown2html,image
d36303a16904429bb4317c7f80b06090,1609310377.9680333,markdown2html,image
4892d360002e4eefa824476b527642f4,1609310441.0340939,markdown2html,image
b8c61b1a5562401ba455f38854a67573,1609310445.002487,markdown2html,disk
de3730bc0cc245f6a321bd71fa5e1b70,1609310476.0556583,markdown2html,image
52d71935b97a43519cf61f58e19a98a7,1609310514.1483548,markdown2html,image
bf3b15c3c2bc435abe37a60578b6c258,1609310539.1422014,markdown2html,image
19ec49091ecf4092bf60bfbe0bff67b4,1609310575.1734633,markdown2html,image
235c6b54b51b4fca94a0b298efbb976a,1609310635.2394369,markdown2html,image
527cc531f44443fdafa1bb6e65a38c2a,1609310655.268736,markdown2html,image
4e6f74638c4e4b42a8a0be74e65f3c5d,1609310797.4294665,markdown2html,image
