id,time,lender,renter
7ed46e8dca5949a4969f6fdc7178b378,1609567430.9804366,linpack,couchdb_test
00eeb14741a04c8b87e0cea0902a4ce8,1609567541.1478922,linpack,disk
468c2968f4704c3fa6da5b8162b0ef59,1609567704.3451123,couchdb_test,network
a5ae66f650da4fd0915c96b5684eaa37,1609567706.3616853,linpack,couchdb_test
263eb0e34fd4422caee9215c60ebc140,1609567711.3597293,couchdb_test,network
fcfb40f1ff1d4ef0971d00f8cfd289cb,1609567764.4159582,couchdb_test,network
c13fc3ea1c57491aa365ee95b19399e3,1609567765.4308107,couchdb_test,network
12a30accb430465a8368540ad675b5c8,1609567766.417347,linpack,couchdb_test
2b9a1e0f7c6e4d60a0e90d8601220376,1609567824.4955564,couchdb_test,network
51305f88fc3e423e9264260db9efad3a,1609567828.5039167,couchdb_test,network
120427180b644edc92d423c9a7ad227b,1609567884.5663378,couchdb_test,network
13232ce7c7ae42a086913ec74a38b704,1609567886.6104872,couchdb_test,network
832885209053422596438fceab47e3de,1609567944.6422265,couchdb_test,network
1495ea96012a46afaa2c6b747b40f77c,1609567946.6795948,couchdb_test,network
63f556b35c1c4f599c94c6e7c9492ae0,1609568092.8144336,linpack,matmul
67b80f24e4e44f43aeb7c3cf400377fb,1609568580.4861395,linpack,disk
95a0c3aa2e8644a0900a81361625e428,1609568735.64746,linpack,float_operation
