id,host,time,lender,renter
c5a1d15d5da94070bab4726e419e4fc8,172.20.185.123,1610281325.3299232,matmul,disk
d864b8b95d64419ebbeda491ef1af137,172.20.185.123,1610281338.3239503,matmul,video
7acd0f4a92d04126b47c9b7c0160674d,172.20.185.123,1610281338.660633,matmul,video
88d9613319a14732b92d4402733f25d6,172.20.185.123,1610281338.9952397,matmul,video
ff6c4146d7014b5fa8014f96669035f8,172.20.185.119,1610281371.596622,video,image
f6a10687734840dd8495affeb5a13d0f,172.20.185.119,1610281379.6393678,linpack,disk
