action,lent,repacked,percentage
k-means,120,635,0.1889763779527559
map_reduce,170,722,0.23545706371191136
couchdb_test,242,663,0.3650075414781297
matmul,449,882,0.5090702947845805
video,188,415,0.4530120481927711
markdown2html,209,682,0.3064516129032258
image,169,557,0.30341113105924594
disk,219,443,0.49435665914221216
linpack,298,761,0.3915900131406045
float_operation,287,693,0.41414141414141414
network,151,504,0.2996031746031746
