id,time,lender,renter
314de8d7457c4b098380e95b098ca8e2,1609880802.9987023,linpack,disk
f6b19e7b87474858a4a99d268ff6e585,1609880966.1970658,couchdb_test,network
8830bb13886d4cb090e4437fac3971aa,1609880973.2218366,couchdb_test,network
a197c140a2b149a39c3f88673538e785,1609881026.269938,couchdb_test,network
ee9292dac1244145a31919924d5c89ae,1609881027.273893,couchdb_test,network
45d06200eabc485195340ec0d78d682b,1609881086.3385594,couchdb_test,network
3460159816cc4607b02702c76d92c1ac,1609881090.3491943,couchdb_test,network
94d969fedf2f420881ef5d10b081e50c,1609881146.417707,couchdb_test,network
51eb6bf635454040ae31c63b0c84b747,1609881148.451692,couchdb_test,network
2de48e4421664eb087c3ba9f2bbfa418,1609881206.4905376,couchdb_test,network
e78764d6ad864c3389fef44fe749c43a,1609881208.536369,couchdb_test,network
aba940ebd2ba473aaf92769bee1bb446,1609881266.5735073,couchdb_test,network
84061529eebd413d8aba87748162ffdf,1609881266.5747926,couchdb_test,network
6f57b2a5cedf4c009bec632ab3deda2c,1609881354.6706905,linpack,matmul
0fb76e32a90141f0b716f29c3f11f4c6,1609881452.8493648,couchdb_test,image
0ea802862320457fba1a94eaf5dea880,1609881452.8504982,couchdb_test,image
b439f63c9c22418fa8160ea64c85fc80,1609881452.8527288,couchdb_test,image
07ce6eca01bd456f84c148a14b141901,1609881842.307145,linpack,disk
f93e1713a4a1420b979e00a0bec96b76,1609881861.3059578,linpack,k-means
7fade1c5f7db4e38b7c218cbd2e6c9e8,1609881997.4874685,disk,float_operation
