id,time,lender,renter
80128997fa46445da254999b428f5282,1609430520.891567,linpack,matmul
c33a9737e21649b7a326173344f30f5e,1609430600.0187254,linpack,matmul
2200c780654842feb66e70f7708435ca,1609430772.2262428,couchdb_test,network
d6dde76ff1884f61b87b1a122412e33d,1609430878.3573523,linpack,video
86d85d5ebe6245758225b58341a9297f,1609430887.3631053,linpack,disk
319d8f767ee745e0bb58e527f0d57e3a,1609431053.5589669,linpack,matmul
e00c0193b4ae49c7ba0f3607da97a046,1609431082.6013172,couchdb_test,image
fa1e8bd036874d628e207d37a1b3fa7e,1609431130.659515,couchdb_test,image
c7aa6d075f0342e9b2f1b82456c9a8cb,1609431216.7545075,linpack,matmul
65c55539404f47128f54daf58bc448a0,1609431254.8096814,linpack,matmul
2536eadf8dec4ca296252a85c584bf0a,1609431322.8801217,linpack,matmul
07dee65f02d143c487f3766b6e57de96,1609431353.9364705,linpack,matmul
022e2c39575646f98a290663792f86d9,1609431531.1517403,linpack,matmul
2b13656e7f0c4ac5af594e7a86e4ff13,1609431641.2781107,linpack,matmul
9d44d11ac23b4c0dbf8ac1e7c392ab36,1609431690.3511071,linpack,matmul
b77de4656bdb4ff8851f618204ab6280,1609431726.3824656,linpack,float_operation
ecbec71d4fde4251b06a852ae9449449,1609431732.3932905,linpack,matmul
