id,time,lender,renter
cff0914115d1464696d819b94f91bf02,1609670109.9328249,video,image
bf5cb2a9051e4c0a86fe7e243c688cbb,1609670178.9849486,video,image
ab739a57609c45f1b1f4715df601df02,1609670220.061523,video,float_operation
5fd052e39d21440798265d9830580711,1609670320.2003963,video,image
a0d97d8bf95444c69d47e6e845814eaa,1609670505.439932,image,video
4c32f380a05647ffa22c67e050cd02ff,1609670625.5992,image,video
32bae5aff0f64d6383ba5179b6a62028,1609670638.5666575,map_reduce,float_operation
a1f4d6ef3e16415eb8f3449738971a9e,1609670640.5992787,network,map_reduce
4f7bdb3fe81543d1b1707db7a46208ea,1609670745.750973,image,video
d96c3b8c24e044d2982119a2d8cef85c,1609670865.9184518,image,video
fe9b8c5009ff4a28965da957dbb5b5ce,1609670982.0720456,markdown2html,image
a6196f3182a243a0bf331692d554d963,1609670986.0475142,image,video
42383ac4a6804a888c5ea96092542163,1609671106.224487,image,video
de14d3a249c4470f832060987c0a02bb,1609671118.2462983,markdown2html,image
1b2db7543d644adab0a23eb55493076c,1609671121.2041273,image,markdown2html
1e89007b52864d36b3f1a96ad4ded4d4,1609671346.502482,image,video
