id,time,lender,renter
f37b33159d904001ab0b26298f4b9081,1609664217.8460999,couchdb_test,map_reduce
e8096643016c4d0d9a8a01ef43de6418,1609664298.931744,video,float_operation
8480bf64e60b4ab5995212279f0c53c3,1609664346.0235856,float_operation,matmul
6c6fe407b4c943b0a1348186308e996d,1609664366.9805849,couchdb_test,map_reduce
5f3663ac46004d298bff995d43750231,1609664399.050386,video,image
10677a05b06344bca178fe40256fb43a,1609664400.0257328,float_operation,video
b986dfbe3e554c25bb7f04c5d8e263f1,1609664613.2000408,couchdb_test,map_reduce
4b269e12d3dd4b9998ec23f4fbbac689,1609664680.2689955,couchdb_test,map_reduce
d64c2246dd9a41a8a62b3f52997fe8ab,1609664849.4550145,video,disk
c1f52a105ac046c9bd18f03355eda094,1609664972.5960023,video,linpack
ba18151ef57645c5b6ebe01d3750f20c,1609665034.7759478,video,linpack
518a922c58834110a045f6b5b6444ea3,1609665166.7254474,couchdb_test,network
8adb4fd1510a46f0b04914d021b542b5,1609665303.8415391,video,linpack
221aa8abf3b546fb981c5ae52bbfd847,1609665462.9903364,couchdb_test,map_reduce
