id,time,lender,renter
11b9cb8b801147e9b056022c6ea94170,1609666143.5015836,matmul,video
02f1744179414ee09d7f85c12065cd0b,1609666144.3724985,matmul,linpack
520296256409431a814975348b3e38dd,1609666204.4273386,float_operation,markdown2html
820ef146b5454848ab65349644de5509,1609666296.54728,float_operation,markdown2html
b2fd66d188c44155a3be4c3c2a29faf8,1609666298.5440695,matmul,float_operation
89b6e4d3a2914a6d81a25bbfc3ff3cef,1609666323.7229998,float_operation,matmul
0b316f816fe344a3a12fbb9df80ac5ab,1609666356.6132057,markdown2html,map_reduce
5000b559011d4b78996fe288ae8a51f3,1609666357.595778,float_operation,markdown2html
edd7f59057654346aad468f5c008ec20,1609666383.7911592,float_operation,matmul
5334819153164e1bac633c0ab1329f13,1609666553.838746,matmul,float_operation
4e23cc49345149d6800d4f875bc25440,1609666582.86494,markdown2html,map_reduce
e9799147a0c2485d97e362cce8bfee36,1609666624.0343866,video,matmul
32ffb097d9b547daacee37a1a0526ba5,1609666624.0567994,matmul,video
73f269162c554d508a80fb64ee734dc7,1609666804.274736,video,matmul
1ef61b1c1f044f93aa382896b316ff80,1609666804.3030202,matmul,video
3aba31edd1be459a9073cb8b0c3645dc,1609666859.2475088,matmul,disk
0d7b5d5977e048458db1888946a92cf1,1609666862.207718,matmul,disk
5c37eb7b0af946119a669bc906d022e4,1609666921.2763033,matmul,disk
b67ef5a9d2b446a7ad5334a5e80aa416,1609666944.2820907,matmul,float_operation
91973f011f974d34833ce7f876451d9e,1609666964.3470507,matmul,float_operation
a8183490fe3e4b83b01e3d6215037016,1609666975.3429983,matmul,disk
b4380a77902a4d60a836c9253b972056,1609667060.4437768,matmul,disk
a130125fb73a4652860e9aeb55b3c92a,1609667186.6152089,matmul,disk
244567acdc8344049eca0ecf323e12f1,1609667186.6163945,matmul,disk
40d1f80563404ed6929dcb6d7fd20003,1609667186.6177828,matmul,disk
d7da648ca07943bda30ec5dec1ebfee8,1609667212.6164184,matmul,disk
ca43e777360c4f378016f105c632381c,1609667218.6259553,markdown2html,map_reduce
ffeeecba927f4ebeaf1b864a27aa6151,1609667224.771718,video,matmul
7609799957dd40d49ade33020a86f6e1,1609667224.794322,matmul,video
df7aabbf6bae4da9bfbde9620a837162,1609667289.7040262,matmul,float_operation
8589550bae6a401baf5cbe5a0a89a4e2,1609667289.706819,matmul,float_operation
