id,time,lender,renter
b4ec36a3d8ba4a639fa69ef65d54f32c,1609311372.3160079,video,disk
d8f336944c504604a3e512d798f4ae51,1609311402.3142185,video,image
f7fee0032f1d437eab2b24e204f15c45,1609311432.3952537,video,linpack
f7f86a486cce431e8205872c4ef208b4,1609311552.6026819,markdown2html,network
4702d78b91b9413c94889f14efd9b1b8,1609311673.6406128,couchdb_test,network
2ebe8965cbef46a083be42a790076af9,1609311792.8222282,video,linpack
d505067a528a43138cae1fe6e8f2fde1,1609311989.0548437,video,matmul
224b0f9151c84ad68618936aad08c4b8,1609312093.1853693,video,float_operation
ab6b7133343943c68afe9afdf5be0b1c,1609312513.6900816,video,linpack
e260cab269ca49d29b8364f7531674e9,1609312537.694883,markdown2html,network
f6f74f9066da4c0f8db7da20ef79d254,1609312660.796051,video,matmul
