id,time,lender,renter
1f7914be6ffa49fb9ce91ce291d54c28,1609517628.485725,map_reduce,image
ba924763d8814d13b21e23d50f272d0d,1609517671.5411181,map_reduce,image
9673d3f50ff24ae0b2573a139e5fcae6,1609517704.5683265,map_reduce,image
71b189da9cfe4746bdd4d4c9ef6aa948,1609517728.5886488,map_reduce,couchdb_test
6f5d23e7a17044f785d44582ef1fbf2b,1609517762.6180296,map_reduce,image
c8e56daa3dfb4481b5c17d5846746630,1609517799.6757092,map_reduce,image
b8690b7124014a869dece3dd08364a3d,1609517819.7068808,map_reduce,image
26082c14342941b8a51dcca940d31a49,1609517848.7274508,map_reduce,image
e594015ea8024a0e81dad3a20b9ab983,1609517862.725532,map_reduce,couchdb_test
820dc28b656f4d089c8285a5799cf252,1609517890.791085,map_reduce,couchdb_test
d78ef0eb45bd473181ea5232c49f2634,1609517891.7948432,map_reduce,image
e805a9d8f55a48a1b8ff10d45666c44a,1609517986.9151657,map_reduce,image
65a619631014446cb09b8a2178d5cba7,1609518012.927379,map_reduce,image
22166e8f5e064161822fbb30e9fe2722,1609518042.959393,map_reduce,image
a4588acf84f34b7385516c9dc45d907c,1609518276.1645267,map_reduce,image
3314c84654ee41ba855e092596c36771,1609518349.2176595,map_reduce,image
8822228ac5b24b9994c6c614c2b577ac,1609518383.2508652,map_reduce,image
c9b22f8260d84fd28971913eaa3175d1,1609518429.2848384,map_reduce,image
7656098a30104537ac8958aabc6ca72a,1609518445.311938,map_reduce,image
6e796e72e2b14cac9fc253ef8fb624c4,1609518451.3291543,map_reduce,image
afb789e88e1947fc9004fcc5df3fcb82,1609518452.424924,map_reduce,image
793ddc90252c4bd0bd79ce8119a7781e,1609518543.45111,map_reduce,image
d5472228b04c4f729dcefe3a262e3be4,1609518579.4598696,linpack,video
cd7c7bd2ae4e425da175872f1a92dc1b,1609518590.46762,map_reduce,image
b593f5aaf909422c9c0e7bdcf41d3b9a,1609518590.4686513,map_reduce,image
03c0fcb17f7342329add7b699800bbc8,1609518626.5587583,video,image
91f0f8ae39174ce3ab9fdbcdc5a2ea5f,1609518649.525922,video,image
260211753d55484197ce5be6e5c34d5a,1609518656.5454245,video,image
08d872c50e134277b778a47d88119b10,1609518656.5555956,video,image
79bd39fd860c40918b0341ed173d8b5e,1609518693.578527,video,image
0807c89217764b4bbc66065a160d6e48,1609518711.6018121,video,image
f0af438e46ce429090d51571aacd6578,1609518761.628024,video,image
c983e13310b44742b8cc32466ade2c8e,1609518793.659037,video,image
7577f15696054b44b987a5b35fd3337e,1609518795.6450574,map_reduce,image
