id,time,lender,renter
d32643eb6b7e4938be0c79c469357c0c,1609561815.5748236,float_operation,video
b92b7f617d0e42e1b7eb5d91b99f05ca,1609561900.6720848,k-means,network
b6d72c4e575a4298b4a4aa24f99b7fbf,1609561935.7178032,float_operation,video
ef41e29e7cac4253a8707dee8d10b0c3,1609562250.0291898,k-means,network
9995a63dbcda45a49f2a1744549fb7c3,1609562305.1134193,k-means,network
736e1e6414a84479beb27e390b4e9a59,1609562368.1779132,k-means,network
390ff96480ba4a2db58eb00d87f3ba9f,1609562502.335078,k-means,network
210f3c17d8cf454c8bf199d28310b820,1609562811.6408327,k-means,network
522e9ed86c6947c098962dd2b68d8f16,1609562875.7069392,k-means,network
1c74b531c2ce43e5b01166e517404feb,1609562924.759631,k-means,network
11fca6e6366b456abe0b942c8927e3b2,1609562998.8662066,k-means,network
