id,time,lender,renter
4d01484ddb1e40359cbed518a22c51ab,1609876488.2447236,couchdb_test,markdown2html
ccebe32f98aa46c88abd87a76bc1e1e3,1609876488.2581584,float_operation,disk
220204d3137047fb9c16f11db398989f,1609876489.0759742,linpack,disk
f683dbeb739d45d4b49d2ca5ef46551d,1609876492.102176,matmul,disk
4afa900e8ccd470db074d19dc6541810,1609876507.0928028,markdown2html,network
9f9371f8ea9f4096910ae0603d4c020f,1609876535.1184332,couchdb_test,image
8ebae295abae402f8c83134a0fcacc3f,1609876728.4786773,image,markdown2html
2c11b164080c48d8b2ecce1c1c05664d,1609876728.4859066,image,markdown2html
efc8900c9ade4560a9b8c2cf9a64f694,1609876728.4868262,image,markdown2html
6ac8f88df48b45fbbb865c82b318f7d9,1609876968.7660108,image,markdown2html
771ef8b48d444119afdb59ec394aad65,1609876968.775706,image,markdown2html
9087b8d25e144d0ab39796d6867269a4,1609876968.781804,image,markdown2html
5f9152ab4b5a420eb10ff9e814fc5471,1609876968.8089182,image,markdown2html
89b25407fb9c487bbd1c4d7a0a837088,1609877028.8720694,map_reduce,markdown2html
f6f6d2f6419149dfa8b6ad997ba7ff08,1609877389.217297,map_reduce,markdown2html
f96372e707c04df2b8c7bdb10630d5f1,1609877509.3714468,map_reduce,markdown2html
936baf79309c4e4b97b878c083074ecf,1609877569.4354997,map_reduce,markdown2html
932a037879024ab3892197c57c6b04d4,1609877629.5418642,image,markdown2html
5a18f07c4171437cb6b2f98112a833ce,1609877689.6099308,image,markdown2html
420023e5511348e8a268d29bbe6ff765,1609877749.6524947,image,markdown2html
96345a6972394659aa5b29c9e9aaa159,1609877809.732139,image,markdown2html
