id,time,lender,renter
2b74cd7fc30646b382afc702fcb90e18,1609428491.3494878,float_operation,image
9a39d808eb0846b0a6f4d7d19ec442a4,1609428535.3886573,image,float_operation
903f39fe2c0d468cb618668eaec88e9e,1609428535.3936882,image,float_operation
eac83a439a4745a780aed18a0b941d02,1609428535.3990088,image,float_operation
458fb50ed7a341efbe8817f3422736f4,1609428535.4032514,image,float_operation
decc869543e04fd6b2cc9a6a14642080,1609428626.4887385,couchdb_test,image
39c8234319d14f31ae09edf335ef6259,1609428677.6248167,couchdb_test,disk
ead108b03cf44994a213a2cf910ae27e,1609428791.8168585,image,disk
a872e56ac9ff47d3a12f49a60e4f1748,1609428879.8024366,image,network
2782c6cc08364939aa4f5a58dade07ed,1609428929.8905025,matmul,float_operation
7f298bf322bf48bd836027ddb9b8e85a,1609428932.8590586,image,float_operation
268c1d3c65614ef5bdcd4d80c6d96115,1609428950.8903737,image,network
e5af88ca75b345fa9a3d466654c51dca,1609429077.0466912,image,float_operation
1bda5260a15547a9a2a5c0ebd2fae608,1609429080.0495837,image,float_operation
5ec0adbc741e40898268ffb5c484b178,1609429128.1074517,image,float_operation
e6bbe0fa33c946c4abf0247ed4498179,1609429128.113643,image,float_operation
cbf15a27f32d483e935352ea3cf2b35f,1609429399.5025115,network,disk
6d279031f7044d1f9b16950c26f7d168,1609429472.6453729,network,disk
a4cc528b5b594baf96de01109727b49a,1609429507.611837,disk,float_operation
3bef446081e649288a2cc10623b0eb7d,1609429527.685074,network,image
f9c5d35a0a57476bb216a40c3ffc245b,1609429594.7648692,float_operation,disk
380078e2b4d74c0ead7b7efb9eb41a19,1609429623.812441,float_operation,image
b488a6c908c445edb81e2b9fadda329b,1609429623.8128843,float_operation,image
b274725a49ad413e96ee5b6f74a6777c,1609429636.8629878,network,float_operation
4419f079a0894502af1477aa1614a5ae,1609429642.7544904,image,linpack
70feba70546a4cf9a82b0dea074c7f22,1609429673.8411782,image,disk
00a928337ad04f21b02238ba17fcdb74,1609429721.89093,image,disk
30ce5edadf1549c48a93abfbee2bab79,1609429733.9177446,markdown2html,float_operation
78f688ec350d4d0380673273f9b604fd,1609429752.8553317,image,network
2d94bb2c1fad48e5a0b5069f7ec145e3,1609429760.9948356,markdown2html,float_operation
3ebb07da0d2c4f04b763d243a560a933,1609429807.9332082,image,disk
