id,host,action,time,exec,lender,renter
0f1deb004bb14f5caf08072e76e27036,172.20.185.121,couchdb_test,1610289454.9434443,0,0,0
154e176904ff4b0d9ab4638f976a7d3c,172.20.185.121,couchdb_test,1610289449.9391062,0,0,0
18817640ead2474b83b3f52e27e1c849,172.20.185.121,video,1610289449.9111402,0,0,0
2f0fe81002724e7691a5ae016068aeda,172.20.185.121,video,1610289454.9148717,0,0,0
3cb17b518a4548c4b8f05c7932536ec2,172.20.185.121,disk,1610289449.9436643,0,0,0
3e8a6ba32bda4c4cac55e7909d3e5ef8,172.20.185.121,markdown2html,1610289449.8956559,0,0,0
3f98a7ba94f8471ba752eb3a55647b5a,172.20.185.121,disk,1610289454.9481213,0,0,0
42258c00028a4e48a9e6bd87f797b5c0,172.20.185.121,network,1610289454.933894,0,0,0
54f9b1a142f64bcebe3c43c3a94e82ea,172.20.185.121,map_reduce,1610289454.9098206,0,0,0
6a9fb8f3ff35491c8ab6c20e0beaeecd,172.20.185.121,matmul,1610289454.9027088,0,0,0
789bb51bccd9443796fc8898a24e9824,172.20.185.121,image,1610289454.9387567,0,0,0
7db982761d714e8e870f06dbe8b41fd3,172.20.185.121,linpack,1610289449.9157813,0,0,0
7dc755cf7b084e2bbae196505451eb30,172.20.185.121,k-means,1610289449.924975,0,0,0
9edf3b760e2f4196b61f598de9c1a702,172.20.185.121,map_reduce,1610289449.9064837,0,0,0
a1778c98183e48f199860131f3efba5f,172.20.185.121,matmul,1610289449.9016316,0,0,0
abaa19d06cff4273bdcccb325f35d6cc,172.20.185.121,linpack,1610289454.9195154,0,0,0
b119682f665b4e29aebc2ec1a476798f,172.20.185.121,markdown2html,1610289454.8964512,0,0,0
b567b2b0baa24958adb071f1b514d933,172.20.185.121,k-means,1610289454.929026,0,0,0
b7c2dac2cf39476aba06ca1da3162fd7,172.20.185.121,image,1610289449.9342904,0,0,0
d12b21d27f804d7a97a806fe7614c488,172.20.185.121,float_operation,1610289454.9243789,0,0,0
e0bfb86151e74e0f97cd5fb5f0deec85,172.20.185.121,float_operation,1610289449.9204643,0,0,0
f7d821f94f844d7093b144a70471c115,172.20.185.121,network,1610289449.9297013,0,0,0
