id,time,lender,renter
6541d59de5e84ba48a9a4dc2d30c92fc,1609220888.9476388,k-means,float_operation
84361560d25e45b69351ad50c2599c88,1609221105.121468,k-means,video
f6a65eb549534979acb1ee20db3d4327,1609221112.0998092,k-means,video
280475f70462484991019b69517a20c7,1609221203.220639,markdown2html,image
