id,time,lender,renter
46bc4c34614a4f3b9fc94e48bdc4eff5,1609245163.745063,image,linpack
1b9b721b6e144d4b8d8a8e5a24d9e6fe,1609245273.3999393,markdown2html,disk
dbf37a5ac8e04f4dbbfd3216b3cadb38,1609245276.4360147,image,disk
2cc2450351f84e2b8d57128c33f37aa9,1609245451.570988,markdown2html,disk
936d9858eb444d739c27ad84bcf59788,1609245572.6858046,image,disk
265647e1b2b74c189e4ac1e438ec822c,1609245606.7772648,couchdb_test,network
8a894b885f07412f8e8f586ab78d764e,1609245622.7497318,image,linpack
522fdaefb7c34b84baae60e3e54446d0,1609245624.7539556,couchdb_test,image
ef1b1342254946e4a862eb70a5932241,1609245624.7553973,couchdb_test,disk
e06eb6d9c3e440648fc21fa2870f5a87,1609245684.8317685,image,linpack
14486ef6a1fc4e2fa529b9bb50d06924,1609245744.9018865,couchdb_test,disk
524a55b53dc14489b62fccce7ef80a21,1609245791.9285307,couchdb_test,image
02e4f34c41a84333bec61686aa84225e,1609245801.940355,couchdb_test,disk
47a313f573864dcd87704b49812ef673,1609245802.9324656,couchdb_test,float_operation
a6827ab0d1784edbae3e4580ead4f9d2,1609245828.949025,matmul,disk
483388ff769742228bcd139e50ccf7c6,1609245883.0190368,matmul,disk
064e692a264a4272ae4d290dc1fa4cfb,1609245925.0844884,matmul,linpack
3d311a72012d45c89855c5c4bf98a947,1609245926.0900366,image,linpack
afdd3c9e15f5492ca41e4f2e90214b24,1609245936.0735998,couchdb_test,image
4712ed8fe15f4176becbca4264c3b174,1609245996.1375911,markdown2html,image
7ec407842622475c94a3d2def70131ec,1609246165.3394897,image,linpack
f35cfa9f28ea4dd08349206d581ece2e,1609246224.4125206,image,linpack
b4f0a6c101c34c7c922c70ce31c51c6f,1609246403.524701,image,video
a4de40321fd64c938cde378eaced27bb,1609246404.4982178,markdown2html,video
61faa64e77dc43df9f869780a3a62409,1609246543.6624017,markdown2html,disk
