id,host,time,action,qos,qos_target,lender_pool,type
fb46eed3f3df4ac7ad289b4c7de15145,172.20.185.119,1610298925.5382938,couchdb_test,0.9999996924028985,0.2,5,repack
70138be2e8ea4ef5b220db3ac99d9c9d,172.20.185.121,1610298940.9036953,linpack,1.0,3.059466666666667,1,repack
ea9006b9b4994cd1b720ebea44e232d2,172.20.185.121,1610298942.8938959,linpack,1.0,3.059466666666667,2,repack
ad435363f2884a5da0bfb90f243bcf0f,172.20.185.122,1610298942.9253228,linpack,0.9969795127111409,3.059466666666667,1,repack
e4f90676de754a46a2bc1489012ede27,172.20.185.122,1610298944.930298,linpack,0.9969795127111409,3.059466666666667,2,repack
d214c44824314faeaa82df78a6e208b7,172.20.185.121,1610298944.932118,linpack,1.0,3.059466666666667,3,repack
c02aa56cec9c487f971122681e64e042,172.20.185.122,1610298946.89281,linpack,0.9969795127111409,3.059466666666667,3,repack
8493f86013444b3fa6df080b37df8754,172.20.185.121,1610298946.930074,linpack,1.0,3.059466666666667,4,repack
83f8ab6e7dc14a1ea1f16466e09bec21,172.20.185.122,1610298948.944574,linpack,0.9969795127111409,3.059466666666667,4,repack
a51bb787dd4442d4ad3c56dc626f4ca1,172.20.185.121,1610298949.014212,linpack,1.0,3.059466666666667,5,repack
6b052567335f4342a2e0ee66466b5a90,172.20.185.121,1610298950.8846257,linpack,1.0,3.059466666666667,6,repack
c8835ec54aba49a994584171a8b60cba,172.20.185.120,1610298958.1717129,matmul,0.9999999999999999,0.2,1,create
90bb283187de464ca62a5ea4af1ee62e,172.20.185.120,1610298958.7863417,markdown2html,0.9999999999999999,0.2,1,create
07d0e5f290a34976a5be7f24a86ae4a8,172.20.185.123,1610298985.4304328,couchdb_test,0.9597331600456813,0.2,1,repack
d1de293cddd54cfbba09a47119df573f,172.20.185.119,1610298985.8237462,k-means,0.9999999999999999,1.0835333333333332,1,repack
939a0ca983ed4024b5faa6b4065803c7,172.20.185.123,1610298987.0666425,couchdb_test,0.9597331600456813,0.2,1,create
5b47f50ce97f43c89b585088905b6da3,172.20.185.119,1610298988.0885785,k-means,0.9999999999999999,1.0835333333333332,2,repack
