id,host,time,lender,renter
3d433c6cd6a54c8da9fe85456154d495,172.20.185.120,1610298956.4935672,matmul,disk
2ba7e35099fb4f9fa8a531e7e8b43a40,172.20.185.120,1610298957.1730134,markdown2html,k-means
b353b48d00604fdd83a9533bf5bf8e23,172.20.185.123,1610298985.4466593,couchdb_test,image
