id,time,lender,renter
5fa6d3d013a1438683c8e59a2f34c67a,1609592004.3668432,float_operation,image
70d1572640264fce89a2e15e5b36fe9e,1609592294.7281342,float_operation,image
d38ad212fec641a28d7c304791350d5d,1609592295.7381375,map_reduce,float_operation
0066949535d146ba9cca4f20a8fe9ccf,1609592401.9128346,image,video
9def0fa84c43420ca565b1a8d8372e69,1609592461.952446,network,k-means
43b37f63f3d342bcbe8984d9dab9f2ff,1609592465.9411783,markdown2html,network
1311017b06bc41d98a977c7a077d2435,1609592582.1172628,image,video
819f4d0bb0944feab54b094aa8d4237c,1609592590.1026661,image,disk
f1a40eab0d6e4a87be75f7db06b4800c,1609592762.3332064,image,video
65de9c4074ed4d7dacf820df5d0817bd,1609592967.595232,linpack,matmul
25db34bcc7024fde98b9476e061b6f74,1609593172.868733,network,k-means
d843ab4d44dc445a9e350a3e49825440,1609593212.90887,image,map_reduce
2300c356812a413cb0451264129069d6,1609593272.9894965,network,map_reduce
