id,time,lender,renter
2e84d333c1c54ff2a7ba5782603ab5cf,1609237635.2670295,couchdb_test,network
a5baeae68f1b4b1e87d5e134bd0ac75b,1609237684.284977,matmul,float_operation
689eace633a84e67923d60b8f973a0f9,1609237840.5182664,couchdb_test,network
e331880852924a25aea7bb3c93190379,1609237995.777389,couchdb_test,network
02577af9787d4ac7858909463042ad92,1609238100.8002906,couchdb_test,network
e937f1a860d74f50862c8597f565c064,1609238201.9007847,matmul,video
076babf178664e1f859ebb98270babf7,1609238316.0508807,matmul,video
d76fae85c1c9448abcebc9a167852dfe,1609238369.1087909,matmul,video
58a93287735c422c814afa26194b7d2d,1609238438.2084434,couchdb_test,network
baa416a089c54488bfdd7a4388b518bd,1609238473.3173933,couchdb_test,network
b46eee4044884edc99c829915f857789,1609238552.4078174,couchdb_test,network
6bad83ec616c466bab7bab059f6cb010,1609238629.4507294,couchdb_test,network
b87dfa6722cb4b56a5e2ed4f9b67c804,1609238657.4694152,couchdb_test,network
679fc387cc354524b03911998b3425e0,1609238664.504975,couchdb_test,network
993e2df965114be29c8018655391a7d6,1609238686.551147,couchdb_test,network
4b27e417e62b4306a5cc5100a4d81ed3,1609238754.59651,matmul,video
b9edc60497b64ce0907e9fafe532297b,1609238761.613883,couchdb_test,network
eaa8572aa40f435eb408af789ba9593b,1609238849.7461324,couchdb_test,network
00f4c405af364bec9f316d9de93d55c1,1609238897.817729,couchdb_test,network
