id,time,lender,renter
e9a7ec17a83c410f9afb64dd3e1bafcc,1609314599.4892724,float_operation,video
6129715091a44f49845903ac6c853665,1609314600.657838,disk,video
0a4faabcdad941219888dc3e453caf6c,1609314711.5912695,float_operation,video
a4f02dc68e8947719f5d8c840beb88f6,1609314738.612801,disk,video
bca2822fc2ac4df5be7b5aade0e55be5,1609314744.6237183,float_operation,video
52a873f9be3342a586c8714392eda8b0,1609314777.6493604,float_operation,matmul
f1f6426c8557464f916abd45ce334a59,1609314777.6643867,float_operation,matmul
4849dae8f46448bf938dd00ead783863,1609314843.732927,disk,video
6e2919ee726a4b29ae8eb0983ef34ac3,1609314873.7437887,video,image
1dee2b772d6048d48d180224aebf7f18,1609314939.8280666,disk,video
24926c8bc05f404f958c6571e6cd46ce,1609314944.8868785,float_operation,video
9763178006114e65b47b720fb05e1166,1609315034.986062,disk,video
9bf5b14a38fe428ab4680fed2f2e1b47,1609315061.9777615,float_operation,video
c7b1b97d3def478ea733184fa7eea312,1609315063.0140722,disk,video
3726deac939f44b699e28d24cec6b813,1609315184.324009,float_operation,video
70dd7e7881b64826b36eb98b203b7458,1609315184.84802,disk,video
