id,time,lender,renter
1560180c06f94a91ba18128816b42a29,1609235629.8526087,matmul,disk
694dba9a716a444594ada15ea48c231d,1609235680.9693005,couchdb_test,network
4e18fa50f449488c98258dc66a4af67a,1609235691.0200198,matmul,disk
9edc21fe3fbb4a17897f901f5af4b78b,1609235751.1052742,matmul,disk
41580e8f0151486fa625fe6f0ba53c6f,1609235811.1610508,matmul,disk
795bd23062034746a19e1f8537ea3626,1609235871.2477334,matmul,disk
885fd4def0094413aab954305b499d3e,1609235911.293824,matmul,video
5809b41236bf47bcae8ace7a19b975ad,1609235931.3143382,matmul,disk
4531302661284888a88e53c1068e4c2d,1609235991.3957136,matmul,video
20ebca29c25f41ccb13a030073cc0e26,1609236022.3371208,matmul,video
d753f01673e4428abe6a8ac085faf353,1609236023.3303902,matmul,video
e72aa631ec6a47cabdb368b98e31fdb2,1609236090.4344199,disk,video
331896aa8bac405f8645ac0adb835d06,1609236244.6050732,matmul,video
1eea62c7fa274456aea9038e19de2c39,1609236251.7258992,disk,video
0c9c5d5cdd08452f94211a2540479f7c,1609236253.6384542,matmul,video
72859cf3712a475083a4bf661148d32c,1609236269.6474884,network,image
3e95bf1b057045a0bdb8ab18e47e67bc,1609236310.7026262,disk,video
c407f0d0740940deb01698f2bdecd1f5,1609236334.730619,matmul,video
7ba9dccfaec2412bbf6ebe4ea281180d,1609236336.8203874,disk,video
ab7828ec1d7e43f5a32d4c7efffa88bc,1609236340.753438,network,image
f6559ecc318f4cf1b20335b40d0def56,1609236424.837355,network,image
385a23ae7f8749258949d21cb22ae5ed,1609236449.8667917,matmul,video
14256bbd3dba44abad1ecddcc686801d,1609236451.9113662,disk,matmul
302340d0708949e3a7fd325d8fe504f2,1609236453.879671,network,video
ca073bd2493540d0ba30c2a8e5c07aa1,1609236464.8995774,matmul,video
96ceec1bee794c359a279e2dc86cf962,1609236500.9201896,disk,video
4c08cb5a5bcc48398d22289ed995b84b,1609236512.0349894,matmul,video
9d2c2d2f769d4f86812cb95a55f10a4e,1609236565.0217242,disk,video
acacb5879066486fb9902c507b33a113,1609236678.1576114,disk,video
3391987082254647a09dcadd7ad0de9a,1609236779.280254,disk,video
b1f1967278264f4e8fb80785a95f5c72,1609236845.3616147,disk,video
68eb76c6e58047c097b92fbd48ea5eda,1609236885.4015944,disk,video
25783e83690544038f42a0e26ddd47ba,1609236912.517907,disk,matmul
c78d6c89413540d5a4a8d6a538ce4119,1609236919.4628787,disk,video
59627fd0faed4a78ab788bcd2e9a78db,1609236964.519337,disk,video
