id,time,lender,renter
e6d1e9b171464056a40d4d73f46e20a4,1609565599.1113389,couchdb_test,k-means
62f0d471d878406c9372c3b7af5bab72,1609565609.1715682,markdown2html,disk
70e5b49fcfc94c60a055aa7486f41e95,1609565619.1551132,disk,image
80ab5d7a616e435f940f4769ec96fc9e,1609565679.208666,disk,linpack
8c06affd70ab44799719281724a32115,1609565779.3032773,markdown2html,disk
d82ddcf5e1e14d8fbc6745ecf630a9b3,1609565902.453798,markdown2html,disk
67070c799a094045a4fc93f816680158,1609565904.4678524,image,markdown2html
721347de0191448fa4339b13fed5752e,1609566159.7803097,disk,matmul
40f58d7ca92340fdb73d6bae17f47a98,1609566558.2503943,disk,video
1cf0a654c36f48e0848356d05180f1db,1609566560.2749963,disk,video
3b5c33fc3a984eeb80b81052b802c2bf,1609566561.247985,image,video
b7fe2a3bd6234c72b075f3c23641f919,1609566657.358745,image,video
014db3ce67164a16b3e038d39a24ee6f,1609566713.408573,disk,video
936b2342bc9a426094619e85ba395901,1609566821.530011,disk,image
