id,time,lender,renter
449d8f91588440b48705fceacabb365e,1609345040.6601567,disk,float_operation
d2cb17a08c9541acac107831c69d2504,1609345048.5953143,matmul,float_operation
a80891e79fb24ae7a7202752fcb87217,1609345072.4709642,network,image
f06144946b464eafbdf342846e384156,1609345190.85046,disk,float_operation
017181d04ce74ad1b450366d4806bd38,1609345193.6009939,matmul,disk
892a5cc431274ecf8f418a3a334bed5e,1609345293.7160988,float_operation,video
f9b47b73649d4b07906f45ab1a571a50,1609345641.3161032,matmul,float_operation
456aa560f8b24b0ba053a9912c3e060c,1609345730.3298402,matmul,float_operation
4ab6cd3c041444d78cf49135f59c48b9,1609345760.378527,matmul,float_operation
0ead7706665547fdab65faaf2cb48df7,1609345819.3981853,matmul,float_operation
1de2ab3dd40d4fe6b1043cebce0acfb2,1609345850.5788288,matmul,float_operation
e0d5ecb5455f4633a97126c00ac102eb,1609345851.5735772,couchdb_test,float_operation
900da48d96ed452496c497657827578d,1609345941.5023923,matmul,float_operation
4a09b5cf5cce4c7d9789b00124d0fe4a,1609345971.5153382,matmul,float_operation
e924993f84dd4af5a6448c4f944df97b,1609345979.6455843,matmul,float_operation
167968b4554c4b569bcc059e1bb09adc,1609346039.7049477,matmul,float_operation
52e382ecfaf64ac0a3a0847b0a4d60c9,1609346039.7513986,matmul,float_operation
c5e4fef3b6f24c5c89141616b0c2fc88,1609346159.8948972,matmul,float_operation
2ce1651b91564cbe833d6935e2ab980e,1609346159.9196212,float_operation,matmul
ef9f9f3472574e5daa665887c2fff736,1609346189.8925703,matmul,float_operation
29b4d64f16444e09a857d16948a529fc,1609346370.0967774,couchdb_test,float_operation
