id,time,lender,renter
4d8a0fa0fc154031882f1f51695bcc2d,1609688816.4276748,map_reduce,markdown2html
b8828d8338d64bb3b52c8558d641aad5,1609688817.421832,markdown2html,map_reduce
ec7e2579d41447e3b8384205c850ea4c,1609689083.7715747,float_operation,linpack
d6a607f9b79648c4bfefc059e6c41bfd,1609689125.7940607,float_operation,linpack
40ec1c0c509e4f8bb40ee80fe8c133e6,1609689177.895713,float_operation,linpack
f146188d2252415c8f87731eb464218f,1609689178.8716445,video,linpack
4f82c06e3e9247f6bc19743e70d2a1bf,1609689236.9648685,network,k-means
c09a9d1a16b541e39448615876d5e2f4,1609689261.9587624,markdown2html,couchdb_test
e8f40dfa76aa46cb82b0d439184d0347,1609689262.9923604,linpack,markdown2html
ed3cbcbf9f8f4cf4a30d2efc0c44d4a1,1609689387.1725621,video,linpack
373f89b335414c76a826692cf1531213,1609689388.1608336,network,video
6a9f21020ed141c79c4b72335e1ed8de,1609689418.1992,linpack,float_operation
c74a83fb644b499f9ca0ef02996a5e81,1609689511.2826521,markdown2html,linpack
2bad1fd41351478ead575e16101508a6,1609689538.3315291,markdown2html,linpack
ec6b6bc3a3e749c2aeae2664d3529e06,1609689540.329325,markdown2html,linpack
7b31c83b937647af8bca92f448b988ff,1609689598.4173708,markdown2html,float_operation
0310c846f6c54d9886719b0bfec1e28a,1609689610.4298165,markdown2html,linpack
ad1a9c5787914e5eb7e6964ddf0d506e,1609689657.4403825,markdown2html,linpack
7dfe8b538fd6494cbfdf629c203fc6a9,1609689661.4715238,markdown2html,linpack
caf4fe80d07144fca67c27bfcaa7c4da,1609689697.4995582,markdown2html,linpack
be3758546f774cc8848cb65735ed514f,1609689737.5862515,markdown2html,couchdb_test
a0426aaa250c475b8cbd850e6eb31376,1609689738.5812044,network,k-means
80f1a1116a8649d493c100fab8e01723,1609689741.5894196,markdown2html,linpack
c96aa63b94e342c4930811f6f98555ba,1609689750.6007528,markdown2html,linpack
06a29100c8e64993a22b0467d2b50a6a,1609689778.627952,markdown2html,float_operation
a01aa94af8fd492a9b8b2511ebfc6c1a,1609689793.638246,markdown2html,linpack
b86404c2a43c44ca90f165a8975009e0,1609689809.646124,markdown2html,linpack
eb1a2308005841d7accc7662ff7a0456,1609689875.7374356,disk,linpack
3b200d84cc754f5bbc6cf04dc101752b,1609689878.7534752,network,k-means
19f745869374475f931617053cda9d43,1609689934.8135107,disk,linpack
c13b27de750041dba857e98a1ef3fe39,1609689958.8458612,disk,float_operation
f6950b4dfbe34fa1b4f2a9b62bd03308,1609690095.0145621,markdown2html,linpack
682806d3fb6c41c39a922bfd66a26904,1609690099.0118966,markdown2html,linpack
