id,time,lender,renter
49d02b13b1d24562bfa31e1cc2646333,1609193114.605903,disk,float_operation
1654a16c265d4cd5b496ff31dc4460cb,1609193125.6214156,network,linpack
6d2a44d7f56d44269cbfaba55f3b9d2f,1609193125.6360102,k-means,network
e3603dad2cca4325955e18a7df29a0bc,1609193190.5485506,disk,linpack
2b75317f461246fb947c41434569c443,1609193216.6731138,disk,float_operation
7df7f3edc4c94411a9f49ce41ef6b956,1609193305.8383236,disk,float_operation
98b222d4b41a465ea49cdee1a26a4a7b,1609193320.7221324,float_operation,linpack
fbead450d42746ea82b3e29e37d9bad1,1609193380.7906883,disk,linpack
9f8323c9ec5241f3b0c15c6aea5eb625,1609193426.0122225,disk,float_operation
613c1ed9f5f140d78541611d13136ee0,1609193537.2026603,disk,float_operation
6069399aca4f4181ae6daa9a412d74e8,1609193581.0431716,disk,linpack
15d8995d3d134e37aca2d73f19fca2cd,1609193676.4324725,disk,float_operation
24d9361e5beb4c498c634880ef30488e,1609193686.4409866,disk,video
0781790a8b1c4c3189b94ee5ab783129,1609193778.531305,disk,float_operation
fa9fdd62e6f54ec196af4dc27fd55409,1609193836.6309466,disk,float_operation
cfdf2ce0e2b940e5b6e1e26446c1bb72,1609193930.4530108,disk,matmul
1628688bde484e21af78b704abf40a9a,1609193946.7800589,disk,float_operation
9ac8eba9727d40a9817eae63fbad10be,1609193971.5095491,disk,linpack
22437b7146904f59b81ff04efadfb93b,1609194013.927567,disk,float_operation
b1b6f5d8411747fab928b239cfe561ce,1609194076.797263,disk,float_operation
b52e185f38b145b489bf12398e14fed2,1609194099.0188403,disk,float_operation
78dedc7a91014e659d4db11b23a46dce,1609194107.028026,k-means,image
2f96b2f59f274251a07481c2827dcfe3,1609194137.0465095,disk,float_operation
3c5a0a930eaf482c8798e6a8aaab1196,1609194147.1152108,disk,float_operation
b1a9113bea7b48d68b25ee0f5ed14225,1609194297.101832,disk,float_operation
