id,time,lender,renter
95e010ad7c8b44e28f0de4bf943dc4a2,1609578207.1974525,float_operation,linpack
446d15327f764466849c969a3fc5f1aa,1609578207.2095444,network,float_operation
da3ad97b04ba4e248222c2c618389e0a,1609578244.1520476,network,map_reduce
4d212e84c3a54b7fb53371a6553e816d,1609578423.8765256,markdown2html,network
4d0257bc06cf4b47a2a7ebe1a6ed9376,1609578467.405955,network,image
dc1f69fabd1d4a52b57c6a7db5240a3e,1609578507.7082076,markdown2html,couchdb_test
4b7d8a1007e6465dbfa8760901dddfdc,1609578587.6478827,float_operation,video
1a5d186ad90f448d8d2dd34e80fcd3ca,1609578736.3353152,markdown2html,network
0ad4e4b18ed243f88712da11fd846d86,1609578900.040336,image,network
7cf56dc98aff4d5c94616e6c0f06248d,1609578902.8847666,network,image
f90112e312b54ca18cf3dc2f36fc0741,1609579002.9690902,float_operation,matmul
ae174ae1f25e4b30b984937bb3607260,1609579113.281406,float_operation,disk
0ef99a0c885d457eacd2ff4d387fe56f,1609579222.2140079,float_operation,matmul
0d11534990be4b4db1e03cc5a10df2c8,1609579226.3287163,markdown2html,network
2dcfcf3ebf464c47b85c7ce8424a024a,1609579385.9368703,markdown2html,network
