id,time,lender,renter
398b1a968cf64a428b038cba1cfcb4aa,1609354860.7197552,float_operation,disk
1b84c8ec8a164a3186a0814f22b495e2,1609354861.9019053,float_operation,disk
ffbcaa1029ed46a6810a7350e42c7f9c,1609354905.7449474,markdown2html,image
1af2b61f9473446ea495e98c8599ae0c,1609354943.7704437,markdown2html,image
162a64f2981b4f68a0a3080e57e7a956,1609354985.8179607,markdown2html,network
0a89815176ab4e5aa86b78eb6002bfef,1609355104.9574406,markdown2html,image
7139e0b7c672474d9624d1dca461cf08,1609355515.464822,markdown2html,image
3262b77e49d346f3872918acb19b61f2,1609355915.9514174,markdown2html,image
439e64eb2abd4a72bb86aa016c86fbef,1609355951.9916039,markdown2html,image
20c7f6b095644563893c90322953c59e,1609356000.053159,markdown2html,image
e41b1562f9e14129a9b320162f87205b,1609356081.8308427,markdown2html,image
03e80b9c02444780a0e7aa74e4c334b7,1609356081.831974,markdown2html,image
a28b18245eab465b863c93c01353bc18,1609356233.3138478,markdown2html,image
