id,time,lender,renter
3a75af40cebc44759e0b20fad585b260,1609991238.014526,markdown2html,float_operation
d64b105a517043a0a400e3fe03269eab,1609991273.6867285,markdown2html,network
d1758eb570bf41b19e8b9848cb1a3b0b,1609991273.6877441,markdown2html,network
e7a8d114d78747ee8f8fa3b6596961e4,1609991273.6910975,markdown2html,network
cb2fdd8fbb214de2bd9e50a9cbb32864,1609991273.694246,markdown2html,network
afdf11d144ee40b1a41e7b51e0f7dc16,1609991331.7216434,float_operation,video
7aed9e1fc815422b86971fa82cc37f7d,1609991409.7843654,matmul,float_operation
7854c76a0a7844ac8fa7f0403263762e,1609991433.8472393,markdown2html,network
83c1747f7d5c47e8ba4dcee0bf691913,1609991435.8274584,matmul,float_operation
3a8f901281bb48bcb75ac9a524bdd89b,1609991518.004575,markdown2html,network
f74a054528294b6cb18569762e4ce72c,1609991521.9365373,network,markdown2html
ddeaac93a8164ba0b40665aedf633665,1609991580.9954112,matmul,float_operation
ee81ad7d09e14ee8abb2c37f6c29049f,1609991763.2314465,matmul,float_operation
53fcf3c18f9047d2b28507d652cbccab,1609991810.2997801,matmul,disk
239c704b8aef43ee9b5de475bef1bc8b,1609991812.4160123,network,matmul
e5bea8bc1f5b4e9780776ec82db1025c,1609991930.4249268,matmul,disk
af81730380f1467181ac568a94da1d98,1609992108.6685386,matmul,float_operation
f54dcbb92e90453ca9afd7085b4daaca,1609992159.7310507,matmul,float_operation
2f914d05e160471685b76c6200966bb6,1609992357.976582,network,couchdb_test
8711bc44bc6f49429fc4c738af0742c9,1609992379.988869,network,couchdb_test
3794b5ae4e8c40d6b174c41b95c1ad50,1609992379.9926476,network,couchdb_test
e2a42aa5531947eaacfc844b37e2b995,1609992643.3820455,matmul,float_operation
