id,time,lender,renter
1ef7813a7f3c4581b620f9773124fecd,1609511801.618554,video,image
488fff90c76146ada865708d59943c54,1609511828.637762,markdown2html,network
ebcc0e4f96b64f79a00a0392dfbf972c,1609511852.6662085,video,image
0b46752dd7d14a7d98c93caffae05127,1609511853.75972,disk,float_operation
29f31831bb2640778cf8f02da47b1055,1609511854.762157,k-means,image
415dd2a2cf7f402a8aae48c8d216da70,1609511858.6941826,disk,video
a731146db6234d51b970732e2051bdca,1609511888.7064245,disk,float_operation
b151490bf9784beb8ed33d821229c272,1609511960.7491484,disk,float_operation
1e7a914cd3494b969145dfdaa0e6de14,1609511963.7697852,video,disk
5aa8b9f409234ec68df447b92812a86b,1609512073.9263272,video,float_operation
85135c279cca4c3192510fb27adfb228,1609512099.933308,video,image
6aa09b1e40ec4a349b05a3e1322beb9f,1609512266.1610196,video,image
ded0bd3f034c4be294fffaf1feee636c,1609512309.204047,markdown2html,network
411354f484854a6ab42a4a9e3455779f,1609512332.2690501,video,image
2f405218ad584214bfc15282589b9b03,1609512339.2920508,image,video
fc5061ca06694386802f1adaf36a2308,1609512339.2932367,markdown2html,matmul
26284498e0464ac7b6309a173dc3eb7a,1609512404.307977,linpack,float_operation
c3a37c03f393424483e10aa0383dbe85,1609512474.4144192,video,float_operation
ce64ef78fe0e4352aa048b5017448760,1609512508.4329686,video,image
3796d866d059457d856c7a29eb66872c,1609512569.5332825,video,image
d2147a5eec384fdf8e118bc8b699dbc4,1609512579.587538,image,video
458a207edbac468db4c7cc0c2e8d4441,1609512594.553821,video,float_operation
b011219b20134df5aaa471db1715d5b8,1609512654.6116445,video,float_operation
252409a669954bcc91c1247ddbc6548b,1609512734.7223008,video,float_operation
edf6031a542a4d1fad223086399bccb1,1609512789.784737,markdown2html,network
f3f6bf46e20743f3a12df956abe12c3e,1609512808.778254,video,image
ed03bfb888664e70acb6ff2dab91a8ec,1609512832.838208,video,float_operation
a7fbbe1be1cc488388c77886d0f008c6,1609512839.8454764,image,float_operation
f9ecc951669742998cbf31c936063dbd,1609512868.8726048,video,image
1090eba540494269808ed834c0f40a77,1609512879.9111605,float_operation,video
5a194b1aa3c846e1a444003fd1d26459,1609512969.990586,video,float_operation
681edd75f490420bb9af22e1863b23fd,1609512970.0085907,float_operation,video
73bb6218021d4eb99c500f42446fec43,1609513168.2604468,video,image
