id,host,time,lender,renter
57f5b043462a44459ed35a0d7f0534f1,172.20.185.119,1610265949.5438318,float_operation,matmul
911559243abc4c86a11be24a2db00e45,172.20.185.119,1610265951.5403836,markdown2html,matmul
e2609f51b74a416f9f53346efd8c9b3b,172.20.185.123,1610265955.9982119,matmul,float_operation
b871d9a481b54b53ad90c00208ecd8a1,172.20.185.122,1610265963.9018855,image,couchdb_test
06e3f38c22c841deb2238072b6b8f60d,172.20.185.123,1610266165.060578,matmul,video
8857920d47434f6f9a1ffe65c93711c6,172.20.185.123,1610266165.072208,matmul,video
338d7d55cc7f489c983e84c1a4dfaf08,172.20.185.123,1610266165.4439342,disk,matmul
2290e5f0b3bc4664b5388c6d8aff13cc,172.20.185.119,1610266166.4123228,float_operation,video
d8f7fdf3e57a441d94842bdbebea0c1f,172.20.185.119,1610266166.4299233,float_operation,video
fa364f4a38364a3dbf0e1b56937165b9,172.20.185.119,1610266167.45939,k-means,video
99f2dc6a649a429980cfd60b0d1d4d5c,172.20.185.119,1610266167.485488,k-means,video
d5f8ce37ac4f488dad24c68dd87d6989,172.20.185.119,1610266167.4864073,k-means,video
d2edca0dfd9c472f8d436e11cfd4c510,172.20.185.119,1610266167.4885557,k-means,video
4fc58c94c7f74253b5d1c1e0aabc0d26,172.20.185.119,1610266169.1462603,markdown2html,video
bb42c598d9be45c192ad81e3af43d02c,172.20.185.119,1610266169.4928656,network,video
370b1c47ada64950b7a581e47a630a49,172.20.185.119,1610266169.5199041,network,video
4291c9075868411790f079d64275aa82,172.20.185.120,1610266185.846061,float_operation,disk
