id,time,lender,renter
ef2837b551db4b6c886d1e67277886b2,1609418422.9939103,linpack,matmul
76bdbd185cb1480b8c3876ce59614950,1609418435.0389483,markdown2html,network
047b48239e2c4f89b831c8b8a87ce6f7,1609418436.0830944,float_operation,matmul
ddaf2cd187424a1ba457232b8ed3a0b7,1609418603.2064722,markdown2html,network
5d03d5157c304c46b43bd3166095668f,1609418660.3124862,matmul,video
ff3a35a30184401db0290448677ae665,1609418708.328683,markdown2html,network
574e43f04559443eb09d56c608d3882a,1609418899.5477483,markdown2html,network
aa19f225721642c7be2c467ccba09ca7,1609419753.5847206,markdown2html,network
f4153f87c7354dfca8aea13c828f6022,1609419799.6417534,matmul,disk
9c52fae39aee413c90442c7d14e4bb61,1609419799.648293,matmul,disk
