id,time,lender,renter
789ae70a3bb44935a540c736c8993001,1609580178.525679,float_operation,linpack
aa14d4b45aea4bbdbfdfe2f9204516ad,1609580273.5760016,disk,k-means
95d0542517e24705b3426c66afb5e644,1609580278.5794199,linpack,disk
31a981baf5c34aed8f4d7072c5c140c3,1609580285.605899,disk,linpack
44757668cd4347ad8b8bf81c5cc7c6b5,1609580436.786148,linpack,markdown2html
cfdd3bd92d404c779ddf0fcb7fc3b064,1609580513.8952997,linpack,video
4bdfe24aff73455eae1396805ad69fb3,1609580513.900725,linpack,video
80adbae1f80044e59e7e4d01acc64ad9,1609580513.9074862,linpack,video
fb7f9d527bf5457ab211dc231bc450d0,1609580513.9166017,linpack,video
bf0cfdd3d76442bc934690eec69f40cb,1609580602.9754531,video,disk
f70b6acb5e5041d9a90282799241cc05,1609580733.1294453,linpack,disk
920119c60d164824b88d39a26b067ee1,1609580758.1983936,video,linpack
a90124df0ab04004a4436f5ce0a7530f,1609580758.2103002,video,linpack
6ca1be16aa2747f6bd90e22add2c4678,1609580769.1678545,linpack,video
73a9ba299ebc4534ba27e5809b98e189,1609580797.2248306,linpack,markdown2html
56252ce2b2c84cc780d9d1ee68b182da,1609580861.3644495,linpack,video
3263ea61d03649bc9c85bd2a280caf3a,1609580862.3304622,linpack,disk
85bda41d26184123820667818d32eabc,1609580888.3396254,linpack,disk
84e6fa344df7427e8b60addfb2025d55,1609581071.564049,disk,video
79164ec1dce4443faeda66bbb80e8c69,1609581087.6173275,disk,linpack
3d60cfa6cafd4acfb045d1d817e4094a,1609581148.9755058,disk,linpack
bd5ba686dd2c4f8f9fa9e4d8953e8fc1,1609581149.552392,disk,linpack
05b40da29dc942a59a7d41a5429f6063,1609581149.5721266,disk,linpack
daf5561c9d0545f0a596f84d35b8ef04,1609581207.7035558,disk,linpack
d4a0a472eb054895b61073d445da67c3,1609581249.7396903,disk,video
cf4bf7e4e5844d19bff9fe233be30bb7,1609581249.7433655,disk,video
826d912e41364b43b929fc18ddb35ede,1609581249.745734,disk,video
fa4e1f37f3b54f8e8edc09f9a05d0cca,1609581262.7736106,disk,linpack
c2d15b624eff408db7d15383870df854,1609581263.7942157,disk,video
ef550341f4e64cc9a9d7aea3d06fd6a5,1609581263.7952158,disk,video
5883c0ecbd334be3ad53219e3261526a,1609581263.796156,disk,video
b7f260d294c140e1b1188b009d3dbced,1609581373.8486128,float_operation,disk
8d7a00db852240e08f9c023a3de3bc86,1609581416.9191027,disk,video
