id,time,lender,renter
76709712c428485589389d1e9f38e1a9,1609939847.396339,disk,float_operation
5a81f14757954530aea42ade93217772,1609939864.500537,couchdb_test,map_reduce
a8e8eaa27803432cababc1337f271a48,1609940081.6157792,couchdb_test,map_reduce
a0d2f89723b44bea845413dacf565b08,1609940082.6313121,couchdb_test,map_reduce
f248652f42f442d99eeb7a424b9c958e,1609940182.720749,couchdb_test,image
d46f1ee83c9d4a1eb8bcd73abe3bf771,1609940265.7862263,map_reduce,couchdb_test
3d1e9078a97c418ba05c927b43e04d82,1609940304.840566,map_reduce,image
7706e7d01c964861b3a5da5875be83e8,1609940311.8815143,map_reduce,image
372e4822feb34b2c8dbd8fa59217fcff,1609940311.8911245,map_reduce,image
03696de1fa5d4a1282364c17f6aac1dc,1609940327.858851,map_reduce,linpack
ae5a28a7091b42f1acee57505d9cb376,1609940367.9048212,image,k-means
ca680b1ad4194e7795be29b588d205e6,1609940385.9268732,map_reduce,couchdb_test
aec1c2d5bde44edcbb9dc133634714f3,1609940417.9592333,image,k-means
da689267404d4078b8b0b21938c27f58,1609940445.0512946,map_reduce,image
99337a3f051e4ce39885fd77225304d5,1609940445.052654,map_reduce,image
3d75c407dd0e4999b459e45a3271e992,1609940557.1267185,couchdb_test,map_reduce
cc34bed7f8ac435797eaaa365c6cff93,1609940587.1797652,couchdb_test,map_reduce
73b3dc2e0ad74e2dbe034e38c21fb6a9,1609940620.2240493,couchdb_test,map_reduce
bcaa338427d84845b8665a2565c661c4,1609940628.2759237,couchdb_test,image
cf122eb9f5e747e287b0190d477f0e32,1609940628.2874446,couchdb_test,image
54be76e3ff53497f9127c3be245476a0,1609940628.3261547,markdown2html,couchdb_test
d69ec15a51074527b564360b3064e066,1609940633.2265089,image,markdown2html
d667a92e2b86445c8cce5a6a82927f65,1609940705.3796964,map_reduce,image
4053ce2cc229404cb8c434f917108efd,1609940746.3606465,map_reduce,couchdb_test
d9bf347f255243dca4071c61554ea9b0,1609940747.3798835,image,map_reduce
b61eccdf498f4ac5851e1b4deb39a23a,1609940866.5755503,map_reduce,image
56713314644b495da5bed9475ea2014a,1609940868.4607306,network,couchdb_test
4192f1c40d1d46abbaa794535e2c62ff,1609940873.5531864,image,map_reduce
c649f826ef294e1288f3a3b126f5447d,1609940873.5810587,image,map_reduce
fb0dd629687f4743ab13a9dbc45cd175,1609940955.5941458,couchdb_test,map_reduce
f095859de78c4b68b853e75ed11abb4a,1609941000.6872702,couchdb_test,image
e022e1393b0c46ddb3fdfbbf00242e69,1609941026.7539313,couchdb_test,map_reduce
c84dae03e1ca43c5aeb705d7fa892788,1609941203.8656888,image,video
