id,time,lender,renter
9057d1588b3f40e18ce39f99f4dc45f8,1609682908.4474378,disk,video
590913e5d9b741a1b0cea18dfde812a3,1609682911.4820335,linpack,disk
935d532114784cf58c5703075ac9591e,1609682963.5209732,disk,video
0311fba735d148938bba94663ce751e8,1609682963.5271103,disk,video
436284ab7a504ba2a4c52d097599da28,1609683058.7492104,linpack,disk
a4431ec6156c45c5b60dcc0c0f6a8d04,1609683060.6320992,video,linpack
bf89aad9f3834646901352bbcfdb66c8,1609683090.71393,linpack,matmul
95114bbbc5a14ddeb3f1996527ec797b,1609683163.8199203,linpack,video
1803d87e81d449d390a2748dc8e2a765,1609683239.8725355,linpack,disk
0331c3efc3934fb59ac5418252aeedd4,1609683240.823747,video,linpack
d15e16a4118a4ba090543f9040ccc48f,1609683293.9780712,linpack,disk
7ee6d1abf5eb4a1789b013276311fcda,1609683300.9033067,video,image
7fd2afa2e1404c1c9048d6f3ba463d7d,1609683334.0094163,linpack,disk
c82b3f0c0b5b4668b1ea3184bcea7ce2,1609683394.082553,linpack,video
f60877231f8542d8a88635adbcc12717,1609683406.0705693,linpack,disk
30955b711dfd46da8b132b6b62ded16d,1609683451.1295414,linpack,matmul
b495d384427e43d1ba5e54ac38e32443,1609683452.1281517,video,disk
7d9bf0e120f245b5a8e6d19c20c08139,1609683511.2022326,linpack,disk
ac0802870e6d407486e510eb6cf9a6bb,1609683514.2554579,video,disk
d2fcbf44a2fe4e7797a077ec1e820fac,1609683571.2641456,linpack,disk
808fee28cbbc4fa88bddf968d9bf039b,1609683634.3661335,linpack,disk
4e062633baab4230859c0d852a6ce7c7,1609683691.4245377,linpack,disk
55f4856fcfb74fefb20b865b62f42f00,1609683751.503846,linpack,disk
dc986e72240e49829c8be559fa88c782,1609683811.5831103,linpack,matmul
ad87741e37a345249c20af7f3499538b,1609683829.623431,linpack,disk
24b5618090f34c7f85f58d1e9bf9d69d,1609683965.6917052,network,couchdb_test
a5eda997b7d147e0a5ee6c4105be603c,1609683967.7100194,map_reduce,network
bdc328c56409449b9e30c1779f10007e,1609683989.7477975,linpack,video
95f99379f0764f5b97e6c02aa554b3f0,1609684114.9370139,linpack,disk
