id,time,lender,renter
819021665dad4d3183e6cb4f75e90100,1609586159.0794702,video,image
c4de4e911a984e39a3840d7ada6bb012,1609586268.2274292,video,float_operation
80aaba7df78e4324b27aa7fc0b452e4e,1609586289.2573435,video,image
510bf2f01cc042809a91700e89a45520,1609586301.226652,video,float_operation
9a01a1994d114a75ac8e6e4e9d30848f,1609586354.324938,video,image
5472173762e7446fbc05718d14a0dbfa,1609586415.4440742,markdown2html,k-means
131792b3f2b84ce3b0cf3f078209aa0b,1609586419.399397,video,image
c455678b3af3467988b750a87ab139b9,1609586461.4734464,video,float_operation
deaeb83203e9463e80ca58924d4e7e89,1609586476.4621215,video,float_operation
31984e6c3a7e4b218c897446cbca694f,1609586489.4880269,video,image
a46f7aeaf594471f88eef4369c222557,1609586539.52831,float_operation,linpack
043ed4ff250444f0b70cbb2aae2ca981,1609586543.5223668,video,float_operation
d2aa4fce949d46c093cc949465a5f2ff,1609586660.7079782,float_operation,linpack
9eb6f6763380425db881897b2948a59e,1609586751.8106809,markdown2html,couchdb_test
e4a1fa4343654035bd00c4ebd0ad5f8c,1609586846.9141314,float_operation,linpack
ea8a04fc6098442aa12f031266e06371,1609586865.9834187,markdown2html,k-means
02a9f238a191495fb361f9d0cad040bc,1609586940.0701985,video,image
9285cacc4ffe4b0db9291128077dd297,1609586942.0516267,markdown2html,float_operation
585d30854330454ead7eec77b905f896,1609587047.1767669,video,float_operation
d8ef173fee1845d681e84619d7610588,1609587065.1866548,video,image
291d5a1b3686461e907566c8e48f2a95,1609587097.2079365,video,float_operation
40d1c60544ba41beb1a4e72bddad08bf,1609587135.2612052,video,image
b91a0b87f1844abfa15f1bc2aa36b2b0,1609587157.2558832,video,float_operation
e93e5fa3c4af4d2a9fd1493480a1ffd4,1609587200.3317752,video,image
159f63c6af854e8ea89841e3c4516e28,1609587269.4589064,markdown2html,k-means
bf297ce7925347aca85890d0811979ec,1609587274.4372277,video,float_operation
94b9dfe178a14b6886e5545030ad8c2b,1609587299.4459455,video,float_operation
4843f823aea64bf7a3a9f8bd9c595afb,1609587306.4762826,map_reduce,network
747e0d61a2f14be483f40e9f7a6f92df,1609587384.569759,disk,float_operation
b80c7eefeef443f783c9614db62c2aff,1609587454.7184193,video,float_operation
