id,time,lender,renter
e689af1e0758423298518a9f4ca98ef0,1609222017.1965816,couchdb_test,float_operation
00be029f2d7c40b1a4e388638c2bdd9d,1609222044.242431,couchdb_test,disk
7645a2aeb26e4f02807887951932985e,1609222103.304826,couchdb_test,disk
25d1baffddbd4272bd19497690278e87,1609222163.337785,matmul,disk
06bda06ddaf8411eb7e32f025eb3eeaa,1609222186.3750997,matmul,disk
6725380ce614499a9157135cb7e356c8,1609222224.4327683,matmul,disk
ed64d1dcc9ed466283a1af509f8954d4,1609222284.5183198,matmul,disk
3054601e9d5c4292b16966c5c06e736d,1609222310.5162241,matmul,disk
c42d281744534f618e2fcd6cae5de3b4,1609222344.6124508,matmul,disk
5eb3832b729445b595e8e16721389e9b,1609222401.6420908,matmul,disk
2731503c30f84348acca997ec3a690f4,1609222434.7109294,map_reduce,image
a8dd9bd3b2ab4bed993a3debb530c17e,1609222463.709429,matmul,disk
ee32f55c9aa7435eb5850562547d45c3,1609222523.7865796,matmul,disk
8e6b17201de34b3da0729fdaa2dde08f,1609222583.8625028,matmul,disk
cbba1abce35e46a8bc897eba177c1466,1609222643.9328618,matmul,disk
2074efa8f61e4af9a10841639a152749,1609222693.989026,matmul,disk
1f3d5956b8544f9cbc382d2b33306037,1609222765.1098084,map_reduce,disk
d59af3d311534e518317dbb433217d20,1609222806.1375926,map_reduce,disk
ca4f87a32ef847a685104cbc8ffa7cb4,1609222885.2578838,map_reduce,disk
d725530036da4b66a391976ed3510d36,1609222921.3010516,map_reduce,disk
4007a6914ec04d59b588f2704aeb88f1,1609222945.3372014,map_reduce,disk
0084711a1e894a5fa881a24efed7530f,1609222989.3806453,map_reduce,video
ff3be46ca4ef4b988353a2babd9c49fb,1609222989.382394,map_reduce,disk
3e6e2a8786674e798dcb482650e67079,1609223053.4558015,map_reduce,disk
8f21f0dc931343158b49d5b523d18113,1609223124.5390737,map_reduce,disk
0a5be1a524294d3e9e8bbf609ceaa4ac,1609223185.638828,map_reduce,disk
62ec8e9a117d43c3827125803241f839,1609223245.70211,map_reduce,disk
34556dd7a4a4404d905b532e0a604f1f,1609223305.781686,map_reduce,disk
44093d90b3f54c0f801a9fbb1ab524ba,1609223323.7900214,map_reduce,video
acda56f8eb3c444f99270190bae0c339,1609223365.8624544,map_reduce,disk
3f61fb8690424a8d87cfc6ad4b678b7d,1609223384.8594263,map_reduce,video
