id,time,lender,renter
e7a611f6066d49e993de2cf86caa6050,1609218262.8733706,float_operation,disk
be1a58c0b34a427bbfe7cf8bd3a20aac,1609218385.041637,float_operation,video
a43b402584294e729b84f8fd1ffb3e93,1609218400.07489,linpack,disk
9e4a7d138ac24caa8cab83b99326174e,1609218401.040572,float_operation,linpack
5785f68d18ae46a0b70192555563d6f5,1609218485.1490579,linpack,image
98bb0bcdfbfa4ad28b5a8f379aa8f369,1609218505.182121,float_operation,linpack
5fb4d4c67b464de88ff2be6de7f32b8e,1609218593.3410034,map_reduce,image
bbd2211656c941dc9e282b73d9ff5936,1609218631.3236358,linpack,disk
64c72e8f540d4626af8369bdc2b8fd17,1609218653.3360069,float_operation,image
d8b56d859d21470fb53393cfeeace8c2,1609218811.558203,float_operation,linpack
b24e20e4f1314da59741827221c512a8,1609218871.6229634,float_operation,disk
1ac9e128569d432c9777392c09d2a27a,1609218953.7943785,float_operation,image
9e549d0f373d458ca616e9a7208d1f38,1609219048.8939924,float_operation,disk
6a13ce351e3d42698df221ab83705321,1609219115.9312704,float_operation,linpack
c5e2d5048a1f47818caadccb20856dfb,1609219133.9200134,couchdb_test,image
15e997aac6cb49faa43771be8ee843a1,1609219366.2146323,float_operation,linpack
5c879a189e5b411484b85128d45fd160,1609219457.3185034,float_operation,disk
4573d38173784824bb7ed1d0b4d4a7bd,1609219502.3699474,float_operation,linpack
1871b40712b04c318692e7fa9d441c24,1609219552.4424965,float_operation,linpack
62764dd432924129966e1bd3a1c4a7d7,1609219600.4896789,float_operation,disk
