id,host,time,lender,renter
800188443f914aa39f83f95571631ea6,172.20.185.119,1610273469.6733947,map_reduce,network
857dce20c54546519a068b2490dfb296,172.20.185.119,1610273529.8101478,map_reduce,network
3286dd74e49d4ccd839cf428d9493d69,172.20.185.121,1610273580.916679,couchdb_test,float_operation
b3ac13632d7f4b7eb70a9a2011fa69ba,172.20.185.119,1610273589.9453225,map_reduce,network
be2e5c59aeb04e488751524eec983c74,172.20.185.119,1610273650.0938256,map_reduce,network
506f4de960bc463fba2d66e039565f95,172.20.185.119,1610273710.2306416,map_reduce,network
0c6c3abdfdf54d24a163fab9ef7ad3ed,172.20.185.119,1610273770.3735924,map_reduce,network
195b8956da17442b9a5533eae34ce449,172.20.185.119,1610273830.5205114,map_reduce,network
6f8e779a14b044c08c3b126525e00ec0,172.20.185.119,1610273890.6614442,map_reduce,network
f7d1b59233074ff7bf1f134f8e2a689f,172.20.185.119,1610273950.803774,map_reduce,network
05839eb4fd244dc0bc9d9ce9659edd41,172.20.185.119,1610274010.9455688,map_reduce,network
20b2f49f25a24ea68301c944de9e923f,172.20.185.119,1610274071.0843866,map_reduce,network
e3401e574e3d416eb4e8a9508e16fa8a,172.20.185.119,1610274131.2255352,map_reduce,network
56043bd66c9f4daea8895c6822fc9e1f,172.20.185.119,1610274191.372166,map_reduce,network
ab546a77af4449b48097ecb99c3e9477,172.20.185.119,1610274251.5198343,map_reduce,network
cdd0621f271b4ec4a5c97031c65cdf59,172.20.185.119,1610274311.6598554,map_reduce,network
914a4bbf9ebf4f3d8f297617344bc65f,172.20.185.119,1610274371.7931428,map_reduce,network
9a5e52622f684e35a0b45b0bd62fb943,172.20.185.119,1610274415.8960767,map_reduce,linpack
9993573452a44458ae83a98d4690c545,172.20.185.119,1610274415.9009414,map_reduce,linpack
805e61d039e449af8bda4be1a7b1d86c,172.20.185.119,1610274431.936041,map_reduce,network
8ca3c52d315b4cdc8abb1468207567ab,172.20.185.119,1610274492.0662262,map_reduce,network
d7c4b0920f7541aaabeaa06bf26d6f74,172.20.185.121,1610274536.8331516,couchdb_test,map_reduce
de22151da78c42fc94113567cf5a58f3,172.20.185.119,1610274552.2048812,disk,network
e57a02b577094139aa0ec5d1d700d24e,172.20.185.119,1610274612.3483725,couchdb_test,network
a1521ec6d918452f824683916eda7dee,172.20.185.119,1610274672.4858303,couchdb_test,network
7b0dc15d1d4e4f1abe823f11c1450f3d,172.20.185.119,1610274732.6253428,couchdb_test,network
c060740826b542faa12cde327fb730dc,172.20.185.119,1610274792.7636628,couchdb_test,network
