id,time,lender,renter
973c02c8a124407da0aaaf3765f1452b,1609509713.921184,image,markdown2html
49aa85fad281486ea1ecfaae8e21dec8,1609509753.020161,image,markdown2html
338dbd350c3c464c9b6b150f95f6a5ed,1609509775.9577813,k-means,network
d69fb0474cad4d13872892a92a034844,1609509840.9856832,image,markdown2html
83c016c943154165bcc4cb118792e38d,1609509871.023799,map_reduce,markdown2html
20f6bb6cc7074756a517c6adf6d4c67b,1609509882.0574555,map_reduce,markdown2html
7f47b2a0b1914c42a8f077e75229e8bf,1609509944.0929012,map_reduce,markdown2html
67865847c1054abf9fdc39a421a94f52,1609509946.0364118,image,map_reduce
0febda8c574342d9a9152a1761b11c60,1609510016.1750948,map_reduce,float_operation
023477c461a944f7b172f1f5e1ae789d,1609510041.1519754,map_reduce,markdown2html
770c753177564f4882cbdc86818fa089,1609510117.2170858,map_reduce,markdown2html
3e6da2309ec34322a314e54ae082265a,1609510119.22543,image,map_reduce
75d45c06f9804d38a024089dd7bee1ae,1609510141.230666,image,video
aa37da1c05fb4b34925403e63f1ab05f,1609510158.2306025,map_reduce,markdown2html
75e3ead056e84ccaa8fe5e9c41d1b66c,1609510190.337593,image,markdown2html
c9b4d9178ce84d62a680881f341fa2f1,1609510196.339037,video,image
371b90d2d9854487b2f5330804477a01,1609510196.3525395,map_reduce,markdown2html
c90fb5fa7ff5476d9e6acfa60accda24,1609510346.4549801,map_reduce,markdown2html
410c1baea7794eb089d55682f00f8abd,1609510556.6163228,map_reduce,markdown2html
c26460b6817d42a4ab3d64cd90ec639d,1609510617.6728914,map_reduce,markdown2html
bb6613aa80e24bde9f1fb4ee843d7c23,1609510660.7579954,map_reduce,markdown2html
dfa76f2f2e354030ae094b0020ec592e,1609510669.7215052,map_reduce,markdown2html
f5c8799698f94e34a79ead6a82829829,1609510781.787013,linpack,video
9ae8b7885bf94ceab9cbfd83b522eaa7,1609510924.9273698,k-means,video
2ef6bbf98f264661848d07f5d8506d29,1609510930.0809636,map_reduce,markdown2html
10a98568a3384a92956ee9046a806efe,1609510930.1170933,map_reduce,markdown2html
2d1718031f9745f09d7e77a1d06add95,1609511049.0513215,k-means,video
